model,id,n_citations,n_grounded,n_hallucinated,n_out_of_scope
Model1_API_Llama70B,CORP-TAX-001,5,5,0,0
Model1_API_Llama70B,CORP-TAX-002,3,3,0,0
Model1_API_Llama70B,CORP-TAX-003,1,1,0,0
Model1_API_Llama70B,CORP-TAX-004,2,2,0,0
Model1_API_Llama70B,CORP-TAX-005,3,3,0,0
Model1_API_Llama70B,CORP-TAX-006,3,3,0,0
Model1_API_Llama70B,CORP-TAX-007,3,3,0,0
Model1_API_Llama70B,CORP-TAX-008,2,2,0,0
Model1_API_Llama70B,CORP-TAX-009,2,2,0,0
Model1_API_Llama70B,CORP-TAX-010,4,4,0,0
Model1_API_Llama70B,CORP-TAX-011,5,4,0,1
Model1_API_Llama70B,CORP-TAX-012,4,4,0,0
Model1_API_Llama70B,CORP-TAX-013,5,5,0,0
Model1_API_Llama70B,CORP-TAX-014,4,4,0,0
Model1_API_Llama70B,CORP-TAX-015,4,4,0,0
Model1_API_Llama70B,CORP-TAX-016,4,4,0,0
Model1_API_Llama70B,CORP-TAX-017,8,8,0,0
Model1_API_Llama70B,CORP-TAX-018,3,3,0,0
Model1_API_Llama70B,CORP-TAX-019,6,5,0,1
Model1_API_Llama70B,CORP-TAX-020,3,2,0,1
Model1_API_Llama70B,CORP-TAX-021,3,2,0,1
Model1_API_Llama70B,CORP-TAX-022,4,4,0,0
Model1_API_Llama70B,CORP-TAX-023,4,4,0,0
Model1_API_Llama70B,CORP-TAX-024,4,4,0,0
Model1_API_Llama70B,CORP-TAX-025,3,3,0,0
Model1_API_Llama70B,CORP-TAX-026,3,3,0,0
Model1_API_Llama70B,CORP-TAX-027,2,2,0,0
Model1_API_Llama70B,CORP-TAX-028,3,3,0,0
Model1_API_Llama70B,CORP-TAX-029,4,4,0,0
Model1_API_Llama70B,CORP-TAX-030,2,2,0,0
Model1_API_Llama70B,CORP-TAX-031,3,3,0,0
Model1_API_Llama70B,CORP-TAX-032,3,3,0,0
Model1_API_Llama70B,CORP-TAX-033,2,2,0,0
Model1_API_Llama70B,CORP-TAX-034,4,4,0,0
Model1_API_Llama70B,CORP-TAX-035,2,2,0,0
Model1_API_Llama70B,CORP-TAX-036,3,3,0,0
Model1_API_Llama70B,CORP-TAX-037,5,5,0,0
Model1_API_Llama70B,CORP-TAX-038,7,7,0,0
Model1_API_Llama70B,CORP-TAX-039,5,5,0,0
Model1_API_Llama70B,CORP-TAX-040,3,3,0,0
Model1_API_Llama70B,CORP-TAX-041,1,1,0,0
Model1_API_Llama70B,CORP-TAX-042,10,10,0,0
Model1_API_Llama70B,CORP-TAX-043,7,7,0,0
Model1_API_Llama70B,CORP-TAX-044,4,4,0,0
Model1_API_Llama70B,CORP-TAX-045,3,3,0,0
Model1_API_Llama70B,CORP-TAX-046,4,4,0,0
Model1_API_Llama70B,CORP-TAX-047,2,2,0,0
Model1_API_Llama70B,CORP-TAX-048,4,4,0,0
Model1_API_Llama70B,CORP-TAX-049,4,4,0,0
Model1_API_Llama70B,CORP-TAX-050,3,3,0,0
Model1_API_Llama70B,CORP-TAX-051,5,5,0,0
Model1_API_Llama70B,CORP-TAX-052,3,3,0,0
Model1_API_Llama70B,CORP-TAX-053,2,2,0,0
Model1_API_Llama70B,CORP-TAX-054,1,1,0,0
Model1_API_Llama70B,CORP-TAX-055,3,3,0,0
Model1_API_Llama70B,CORP-TAX-056,4,3,0,1
Model1_API_Llama70B,CORP-TAX-057,2,2,0,0
Model1_API_Llama70B,CORP-TAX-058,2,2,0,0
Model1_API_Llama70B,CORP-TAX-059,2,2,0,0
Model1_API_Llama70B,CORP-TAX-060,3,3,0,0
Model1_API_Llama70B,TAX-INTL-001,3,0,0,3
Model1_API_Llama70B,TAX-INTL-002,4,4,0,0
Model1_API_Llama70B,TAX-INTL-003,3,0,0,3
Model1_API_Llama70B,TAX-INTL-004,4,2,0,2
Model1_API_Llama70B,TAX-INTL-005,2,0,0,2
Model1_API_Llama70B,TAX-INTL-006,3,0,0,3
Model1_API_Llama70B,TAX-INTL-007,2,0,0,2
Model1_API_Llama70B,TAX-INTL-008,2,0,0,2
Model1_API_Llama70B,TAX-INTL-009,2,0,0,2
Model1_API_Llama70B,TAX-INTL-010,2,0,0,2
Model1_API_Llama70B,TAX-INTL-011,3,0,0,3
Model1_API_Llama70B,TAX-INTL-012,3,3,0,0
Model1_API_Llama70B,TAX-INTL-013,3,3,0,0
Model1_API_Llama70B,TAX-INTL-014,2,2,0,0
Model1_API_Llama70B,TAX-INTL-015,3,2,0,1
Model1_API_Llama70B,TAX-INTL-016,3,0,0,3
Model1_API_Llama70B,TAX-INTL-017,2,0,0,2
Model1_API_Llama70B,TAX-INTL-018,3,0,0,3
Model1_API_Llama70B,TAX-INTL-019,2,0,0,2
Model1_API_Llama70B,TAX-INTL-020,2,2,0,0
Model1_API_Llama70B,TAX-INTL-021,2,2,0,0
Model1_API_Llama70B,TAX-INTL-022,4,4,0,0
Model1_API_Llama70B,TAX-INTL-023,4,4,0,0
Model1_API_Llama70B,TAX-INTL-024,3,2,0,1
Model1_API_Llama70B,TAX-INTL-025,1,1,0,0
Model1_API_Llama70B,TAX-INTL-026,4,4,0,0
Model1_API_Llama70B,TAX-INTL-027,3,3,0,0
Model1_API_Llama70B,TAX-INTL-028,3,3,0,0
Model1_API_Llama70B,TAX-INTL-029,4,4,0,0
Model1_API_Llama70B,TAX-INTL-030,4,4,0,0
Model1_API_Llama70B,TAX-INTL-031,2,2,0,0
Model1_API_Llama70B,TAX-INTL-032,4,4,0,0
Model1_API_Llama70B,TAX-INTL-033,2,2,0,0
Model1_API_Llama70B,TAX-INTL-034,4,4,0,0
Model1_API_Llama70B,TAX-INTL-035,2,2,0,0
Model1_API_Llama70B,TAX-INTL-036,4,3,0,1
Model1_API_Llama70B,TAX-INTL-037,3,0,0,3
Model1_API_Llama70B,TAX-INTL-038,2,2,0,0
Model1_API_Llama70B,TAX-INTL-039,2,2,0,0
Model1_API_Llama70B,TAX-INTL-040,2,2,0,0
Model1_API_Llama70B,TAX-INTL-041,3,3,0,0
Model1_API_Llama70B,TAX-INTL-042,3,3,0,0
Model1_API_Llama70B,TAX-INTL-043,2,0,0,2
Model1_API_Llama70B,TAX-INTL-044,3,1,0,2
Model1_API_Llama70B,TAX-INTL-045,3,0,0,3
Model1_API_Llama70B,TAX-INTL-046,5,5,0,0
Model1_API_Llama70B,TAX-INTL-047,2,2,0,0
Model1_API_Llama70B,TAX-INTL-048,2,2,0,0
Model1_API_Llama70B,TAX-INTL-049,1,0,0,1
Model1_API_Llama70B,TAX-INTL-050,2,1,0,1
Model1_API_Llama70B,TAX-INTL-051,3,0,0,3
Model1_API_Llama70B,TAX-INTL-052,2,0,0,2
Model1_API_Llama70B,TAX-INTL-053,3,0,0,3
Model1_API_Llama70B,TAX-INTL-054,3,2,0,1
Model1_API_Llama70B,TAX-INTL-055,6,2,0,4
Model1_API_Llama70B,TAX-INTL-056,3,3,0,0
Model1_API_Llama70B,TAX-INTL-057,6,1,0,5
Model1_API_Llama70B,TAX-INTL-058,5,1,0,4
Model1_API_Llama70B,TAX-INTL-059,3,0,0,3
Model1_API_Llama70B,TAX-INTL-060,2,2,0,0
Model1_API_Llama70B,TAX-INTL-061,5,5,0,0
Model1_API_Llama70B,TAX-INTL-062,3,1,0,2
Model1_API_Llama70B,TAX-INTL-063,3,2,0,1
Model1_API_Llama70B,TAX-INTL-064,3,0,0,3
Model1_API_Llama70B,TAX-INTL-065,2,2,0,0
Model1_API_Llama70B,TAX-INTL-066,3,3,0,0
Model1_API_Llama70B,TAX-INTL-067,4,3,0,1
Model1_API_Llama70B,TAX-INTL-068,4,4,0,0
Model1_API_Llama70B,TAX-INTL-069,2,2,0,0
Model1_API_Llama70B,TAX-INTL-070,2,2,0,0
Model1_API_Llama70B,TAX-INTL-071,4,4,0,0
Model1_API_Llama70B,TAX-INTL-072,6,6,0,0
Model1_API_Llama70B,TAX-INTL-073,4,4,0,0
Model1_API_Llama70B,TAX-INTL-074,2,2,0,0
Model1_API_Llama70B,TAX-INTL-075,3,3,0,0
Model1_API_Llama70B,TAX-INTL-076,5,5,0,0
Model1_API_Llama70B,TAX-INTL-077,2,2,0,0
Model1_API_Llama70B,TAX-INTL-078,2,2,0,0
Model1_API_Llama70B,TAX-INTL-079,2,2,0,0
Model1_API_Llama70B,TAX-INTL-080,3,3,0,0
Model1_API_Llama70B,ESTG-NEW-001,3,3,0,0
Model1_API_Llama70B,ESTG-NEW-002,2,2,0,0
Model1_API_Llama70B,ESTG-NEW-003,3,3,0,0
Model1_API_Llama70B,ESTG-NEW-004,3,3,0,0
Model1_API_Llama70B,ESTG-NEW-005,2,2,0,0
Model1_API_Llama70B,ESTG-NEW-006,3,3,0,0
Model1_API_Llama70B,ESTG-NEW-007,3,3,0,0
Model1_API_Llama70B,ESTG-NEW-008,2,1,0,1
Model1_API_Llama70B,ESTG-NEW-009,2,2,0,0
Model1_API_Llama70B,ESTG-NEW-010,4,4,0,0
Model1_API_Llama70B,ESTG-NEW-011,3,3,0,0
Model1_API_Llama70B,ESTG-NEW-012,4,4,0,0
Model1_API_Llama70B,ESTG-NEW-013,2,2,0,0
Model1_API_Llama70B,ESTG-NEW-014,2,2,0,0
Model1_API_Llama70B,ESTG-NEW-015,2,2,0,0
Model1_API_Llama70B,ESTG-NEW-016,3,3,0,0
Model1_API_Llama70B,ESTG-NEW-017,2,2,0,0
Model1_API_Llama70B,ESTG-NEW-018,2,2,0,0
Model1_API_Llama70B,ESTG-NEW-019,1,1,0,0
Model1_API_Llama70B,ESTG-NEW-020,4,4,0,0
Model1_API_Llama70B,VAT-DOM-001,3,3,0,0
Model1_API_Llama70B,VAT-DOM-002,2,2,0,0
Model1_API_Llama70B,VAT-DOM-003,2,2,0,0
Model1_API_Llama70B,VAT-DOM-004,5,5,0,0
Model1_API_Llama70B,VAT-DOM-005,4,4,0,0
Model1_API_Llama70B,VAT-DOM-006,2,2,0,0
Model1_API_Llama70B,VAT-DOM-007,1,1,0,0
Model1_API_Llama70B,VAT-DOM-008,2,2,0,0
Model1_API_Llama70B,VAT-DOM-009,3,3,0,0
Model1_API_Llama70B,VAT-DOM-010,4,4,0,0
Model1_API_Llama70B,VAT-DOM-011,3,3,0,0
Model1_API_Llama70B,VAT-DOM-012,4,4,0,0
Model1_API_Llama70B,VAT-DOM-013,2,2,0,0
Model1_API_Llama70B,VAT-DOM-014,3,3,0,0
Model1_API_Llama70B,VAT-DOM-015,1,1,0,0
Model1_API_Llama70B,VAT-DOM-016,2,2,0,0
Model1_API_Llama70B,VAT-DOM-017,2,2,0,0
Model1_API_Llama70B,VAT-DOM-018,2,2,0,0
Model1_API_Llama70B,VAT-DOM-019,3,3,0,0
Model1_API_Llama70B,VAT-DOM-020,4,4,0,0
Model1_API_Llama70B,VAT-DOM-021,4,4,0,0
Model1_API_Llama70B,VAT-DOM-022,2,2,0,0
Model1_API_Llama70B,VAT-DOM-023,4,4,0,0
Model1_API_Llama70B,VAT-DOM-024,3,3,0,0
Model1_API_Llama70B,VAT-DOM-025,2,1,0,1
Model1_API_Llama70B,VAT-DOM-026,5,5,0,0
Model1_API_Llama70B,VAT-DOM-027,4,4,0,0
Model1_API_Llama70B,VAT-DOM-028,2,2,0,0
Model1_API_Llama70B,VAT-DOM-029,5,5,0,0
Model1_API_Llama70B,VAT-DOM-030,3,3,0,0
Model1_API_Llama70B,VAT-DOM-031,3,3,0,0
Model1_API_Llama70B,VAT-DOM-032,4,4,0,0
Model1_API_Llama70B,VAT-DOM-033,5,5,0,0
Model1_API_Llama70B,VAT-DOM-034,2,2,0,0
Model1_API_Llama70B,VAT-DOM-035,4,4,0,0
Model1_API_Llama70B,VAT-DOM-036,4,4,0,0
Model1_API_Llama70B,VAT-DOM-037,3,3,0,0
Model1_API_Llama70B,VAT-DOM-038,3,3,0,0
Model1_API_Llama70B,VAT-DOM-039,4,4,0,0
Model1_API_Llama70B,VAT-DOM-040,3,3,0,0
Model1_API_Llama70B,VAT-DOM-041,3,3,0,0
Model1_API_Llama70B,VAT-DOM-042,5,5,0,0
Model1_API_Llama70B,VAT-DOM-043,3,3,0,0
Model1_API_Llama70B,VAT-DOM-044,5,5,0,0
Model1_API_Llama70B,VAT-DOM-045,3,3,0,0
Model1_API_Llama70B,VAT-DOM-046,3,3,0,0
Model1_API_Llama70B,VAT-DOM-047,2,2,0,0
Model1_API_Llama70B,VAT-DOM-048,4,4,0,0
Model1_API_Llama70B,VAT-DOM-049,2,2,0,0
Model1_API_Llama70B,VAT-DOM-050,3,3,0,0
Model1_API_Llama70B,VAT-DOM-051,4,4,0,0
Model1_API_Llama70B,VAT-DOM-052,4,4,0,0
Model1_API_Llama70B,VAT-DOM-053,4,4,0,0
Model1_API_Llama70B,VAT-DOM-054,3,3,0,0
Model1_API_Llama70B,VAT-DOM-055,3,3,0,0
Model1_API_Llama70B,VAT-DOM-056,2,2,0,0
Model1_API_Llama70B,VAT-DOM-057,2,2,0,0
Model1_API_Llama70B,VAT-DOM-058,2,2,0,0
Model1_API_Llama70B,VAT-DOM-059,3,3,0,0
Model1_API_Llama70B,VAT-DOM-060,3,3,0,0
Model1_API_Llama70B,VAT-DOM-061,0,0,0,0
Model1_API_Llama70B,VAT-DOM-062,5,5,0,0
Model1_API_Llama70B,VAT-DOM-063,0,0,0,0
Model1_API_Llama70B,VAT-DOM-064,3,3,0,0
Model1_API_Llama70B,VAT-DOM-065,0,0,0,0
Model1_API_Llama70B,VAT-DOM-066,0,0,0,0
Model1_API_Llama70B,VAT-DOM-067,2,2,0,0
Model1_API_Llama70B,VAT-DOM-068,3,3,0,0
Model1_API_Llama70B,VAT-DOM-069,3,3,0,0
Model1_API_Llama70B,VAT-DOM-070,3,3,0,0
Model1_API_Llama70B,VAT-DOM-071,4,0,0,4
Model1_API_Llama70B,VAT-DOM-072,4,4,0,0
Model1_API_Llama70B,VAT-DOM-073,4,4,0,0
Model1_API_Llama70B,VAT-DOM-074,3,3,0,0
Model1_API_Llama70B,VAT-DOM-075,3,3,0,0
Model1_API_Llama70B,VAT-DOM-076,2,2,0,0
Model1_API_Llama70B,VAT-DOM-077,2,2,0,0
Model1_API_Llama70B,VAT-DOM-078,3,3,0,0
Model1_API_Llama70B,VAT-DOM-079,2,2,0,0
Model1_API_Llama70B,VAT-DOM-080,1,1,0,0
Model1_API_Llama70B,GRESt-AT-001,3,0,0,3
Model1_API_Llama70B,GRESt-AT-002,3,0,0,3
Model1_API_Llama70B,GRESt-AT-003,1,1,0,0
Model1_API_Llama70B,GRESt-AT-004,5,1,0,4
Model1_API_Llama70B,GRESt-AT-005,2,0,0,2
Model1_API_Llama70B,GRESt-AT-006,5,0,0,5
Model1_API_Llama70B,GRESt-AT-007,2,0,0,2
Model1_API_Llama70B,GRESt-AT-008,4,4,0,0
Model1_API_Llama70B,GRESt-AT-009,2,0,0,2
Model1_API_Llama70B,GRESt-AT-010,3,3,0,0
Model1_API_Llama70B,GRESt-AT-011,2,0,0,2
Model1_API_Llama70B,GRESt-AT-012,0,0,0,0
Model1_API_Llama70B,GRESt-AT-013,3,3,0,0
Model1_API_Llama70B,GRESt-AT-014,3,0,0,3
Model1_API_Llama70B,GRESt-AT-015,3,0,0,3
Model1_API_Llama70B,GRESt-AT-016,5,0,0,5
Model1_API_Llama70B,GRESt-AT-017,2,0,0,2
Model1_API_Llama70B,GRESt-AT-018,3,0,0,3
Model1_API_Llama70B,GRESt-AT-019,2,0,0,2
Model1_API_Llama70B,GRESt-AT-020,3,0,0,3
Model1_API_Llama70B,GRESt-AT-021,2,0,0,2
Model1_API_Llama70B,GRESt-AT-022,4,0,0,4
Model1_API_Llama70B,GRESt-AT-023,2,0,0,2
Model1_API_Llama70B,GRESt-AT-024,3,0,0,3
Model1_API_Llama70B,GRESt-AT-025,4,0,0,4
Model1_API_Llama70B,GRESt-AT-026,0,0,0,0
Model1_API_Llama70B,GRESt-AT-027,4,0,0,4
Model1_API_Llama70B,GRESt-AT-028,4,0,0,4
Model1_API_Llama70B,GRESt-AT-029,4,0,0,4
Model1_API_Llama70B,GRESt-AT-030,3,3,0,0
Model1_API_Llama70B,GRESt-AT-031,2,0,0,2
Model1_API_Llama70B,GRESt-AT-032,1,0,0,1
Model1_API_Llama70B,GRESt-AT-033,2,0,0,2
Model1_API_Llama70B,GRESt-AT-034,2,0,0,2
Model1_API_Llama70B,GRESt-AT-035,2,0,0,2
Model1_API_Llama70B,GRESt-AT-036,5,0,0,5
Model1_API_Llama70B,GRESt-AT-037,4,0,0,4
Model1_API_Llama70B,GRESt-AT-038,1,0,0,1
Model1_API_Llama70B,GRESt-AT-039,1,0,0,1
Model1_API_Llama70B,GRESt-AT-040,3,0,0,3
Model1_API_Llama70B,GRESt-AT-041,1,0,0,1
Model1_API_Llama70B,GRESt-AT-042,3,0,0,3
Model1_API_Llama70B,GRESt-AT-043,1,0,0,1
Model1_API_Llama70B,GRESt-AT-044,2,0,0,2
Model1_API_Llama70B,GRESt-AT-045,2,0,0,2
Model1_API_Llama70B,GRESt-AT-046,2,0,0,2
Model1_API_Llama70B,GRESt-AT-047,3,0,0,3
Model1_API_Llama70B,GRESt-AT-048,2,0,0,2
Model1_API_Llama70B,GRESt-AT-049,3,2,0,1
Model1_API_Llama70B,GRESt-AT-050,2,0,0,2
Model1_API_Llama70B,GRESt-AT-051,3,0,0,3
Model1_API_Llama70B,GRESt-AT-052,3,0,0,3
Model1_API_Llama70B,GRESt-AT-053,3,0,0,3
Model1_API_Llama70B,GRESt-AT-054,1,0,0,1
Model1_API_Llama70B,GRESt-AT-055,0,0,0,0
Model1_API_Llama70B,GRESt-AT-056,2,0,0,2
Model1_API_Llama70B,GRESt-AT-057,2,2,0,0
Model1_API_Llama70B,GRESt-AT-058,3,0,0,3
Model1_API_Llama70B,GRESt-AT-059,2,2,0,0
Model1_API_Llama70B,GRESt-AT-060,0,0,0,0
Model1_API_Llama70B,GRESt-AT-061,2,0,0,2
Model1_API_Llama70B,GRESt-AT-062,5,0,0,5
Model1_API_Llama70B,GRESt-AT-063,0,0,0,0
Model1_API_Llama70B,GRESt-AT-064,4,0,0,4
Model1_API_Llama70B,GRESt-AT-065,3,0,0,3
Model1_API_Llama70B,GRESt-AT-066,0,0,0,0
Model1_API_Llama70B,GRESt-AT-067,3,0,0,3
Model1_API_Llama70B,GRESt-AT-068,4,0,0,4
Model1_API_Llama70B,GRESt-AT-069,5,0,0,5
Model1_API_Llama70B,GRESt-AT-070,2,0,0,2
Model1_API_Llama70B,GRESt-AT-071,1,0,0,1
Model1_API_Llama70B,GRESt-AT-072,4,0,0,4
Model1_API_Llama70B,GRESt-AT-073,1,0,0,1
Model1_API_Llama70B,GRESt-AT-074,5,2,0,3
Model1_API_Llama70B,GRESt-AT-075,3,0,0,3
Model1_API_Llama70B,GRESt-AT-076,3,0,0,3
Model1_API_Llama70B,GRESt-AT-077,2,0,0,2
Model1_API_Llama70B,GRESt-AT-078,4,0,0,4
Model1_API_Llama70B,GRESt-AT-079,3,0,0,3
Model1_API_Llama70B,GRESt-AT-080,2,0,0,2
Model1_API_Llama70B,GRESt-AT-081,3,0,0,3
Model1_API_Llama70B,VAT-INTL-001,4,4,0,0
Model1_API_Llama70B,VAT-INTL-002,6,6,0,0
Model1_API_Llama70B,VAT-INTL-003,3,3,0,0
Model1_API_Llama70B,VAT-INTL-004,3,3,0,0
Model1_API_Llama70B,VAT-INTL-005,4,4,0,0
Model1_API_Llama70B,VAT-INTL-006,3,3,0,0
Model1_API_Llama70B,VAT-INTL-007,2,2,0,0
Model1_API_Llama70B,VAT-INTL-008,4,4,0,0
Model1_API_Llama70B,VAT-INTL-009,3,3,0,0
Model1_API_Llama70B,VAT-INTL-010,3,3,0,0
Model1_API_Llama70B,VAT-INTL-011,5,5,0,0
Model1_API_Llama70B,VAT-INTL-012,2,1,0,1
Model1_API_Llama70B,VAT-INTL-013,3,3,0,0
Model1_API_Llama70B,VAT-INTL-014,3,3,0,0
Model1_API_Llama70B,VAT-INTL-015,3,3,0,0
Model1_API_Llama70B,VAT-INTL-016,3,3,0,0
Model1_API_Llama70B,VAT-INTL-017,3,3,0,0
Model1_API_Llama70B,VAT-INTL-018,4,4,0,0
Model1_API_Llama70B,VAT-INTL-019,3,3,0,0
Model1_API_Llama70B,VAT-INTL-020,4,4,0,0
Model1_API_Llama70B,VAT-INTL-021,2,2,0,0
Model1_API_Llama70B,VAT-INTL-022,2,2,0,0
Model1_API_Llama70B,VAT-INTL-023,3,3,0,0
Model1_API_Llama70B,VAT-INTL-024,2,2,0,0
Model1_API_Llama70B,VAT-INTL-025,2,2,0,0
Model1_API_Llama70B,VAT-INTL-026,2,2,0,0
Model1_API_Llama70B,VAT-INTL-027,2,2,0,0
Model1_API_Llama70B,VAT-INTL-028,3,3,0,0
Model1_API_Llama70B,VAT-INTL-029,3,3,0,0
Model1_API_Llama70B,VAT-INTL-030,2,2,0,0
Model1_API_Llama70B,VAT-INTL-031,2,2,0,0
Model1_API_Llama70B,VAT-INTL-032,5,5,0,0
Model1_API_Llama70B,VAT-INTL-033,2,2,0,0
Model1_API_Llama70B,VAT-INTL-034,2,2,0,0
Model1_API_Llama70B,VAT-INTL-035,2,2,0,0
Model1_API_Llama70B,VAT-INTL-036,3,3,0,0
Model1_API_Llama70B,VAT-INTL-037,4,4,0,0
Model1_API_Llama70B,VAT-INTL-038,3,3,0,0
Model1_API_Llama70B,VAT-INTL-039,3,3,0,0
Model1_API_Llama70B,VAT-INTL-040,1,1,0,0
Model1_API_Llama70B,VAT-INTL-041,2,2,0,0
Model1_API_Llama70B,VAT-INTL-042,4,4,0,0
Model1_API_Llama70B,VAT-INTL-043,3,3,0,0
Model1_API_Llama70B,VAT-INTL-044,4,4,0,0
Model1_API_Llama70B,VAT-INTL-045,3,3,0,0
Model1_API_Llama70B,VAT-INTL-046,1,1,0,0
Model1_API_Llama70B,VAT-INTL-047,2,2,0,0
Model1_API_Llama70B,VAT-INTL-048,2,2,0,0
Model1_API_Llama70B,VAT-INTL-049,2,2,0,0
Model1_API_Llama70B,VAT-INTL-050,3,3,0,0
Model1_API_Llama70B,VAT-INTL-051,4,4,0,0
Model1_API_Llama70B,VAT-INTL-052,2,2,0,0
Model1_API_Llama70B,VAT-INTL-053,3,3,0,0
Model1_API_Llama70B,VAT-INTL-054,3,3,0,0
Model1_API_Llama70B,VAT-INTL-055,2,2,0,0
Model1_API_Llama70B,VAT-INTL-056,6,6,0,0
Model1_API_Llama70B,VAT-INTL-057,2,2,0,0
Model1_API_Llama70B,VAT-INTL-058,4,4,0,0
Model1_API_Llama70B,VAT-INTL-059,4,4,0,0
Model1_API_Llama70B,VAT-INTL-060,4,4,0,0
Model1_API_Llama70B,VAT-INTL-061,2,2,0,0
Model1_API_Llama70B,VAT-INTL-062,3,3,0,0
Model1_API_Llama70B,VAT-INTL-063,4,4,0,0
Model1_API_Llama70B,VAT-INTL-064,3,3,0,0
Model1_API_Llama70B,VAT-INTL-065,2,2,0,0
Model1_API_Llama70B,VAT-INTL-066,3,3,0,0
Model1_API_Llama70B,VAT-INTL-067,4,4,0,0
Model1_API_Llama70B,VAT-INTL-068,2,2,0,0
Model1_API_Llama70B,VAT-INTL-069,2,2,0,0
Model1_API_Llama70B,VAT-INTL-070,2,2,0,0
Model1_API_Llama70B,VAT-INTL-071,4,4,0,0
Model1_API_Llama70B,VAT-INTL-072,5,5,0,0
Model1_API_Llama70B,VAT-INTL-073,3,3,0,0
Model1_API_Llama70B,VAT-INTL-074,4,4,0,0
Model1_API_Llama70B,VAT-INTL-075,2,2,0,0
Model1_API_Llama70B,VAT-INTL-076,2,2,0,0
Model1_API_Llama70B,VAT-INTL-077,1,1,0,0
Model1_API_Llama70B,VAT-INTL-078,2,2,0,0
Model1_API_Llama70B,VAT-INTL-079,3,3,0,0
Model1_API_Llama70B,VAT-INTL-080,2,2,0,0
Model1_API_Llama70B,VAT-INTL-081,2,2,0,0
Model1_API_Llama70B,VAT-INTL-082,3,3,0,0
Model1_API_Llama70B,ESTG27-001,3,3,0,0
Model1_API_Llama70B,ESTG27-002,2,2,0,0
Model1_API_Llama70B,ESTG27-003,4,4,0,0
Model1_API_Llama70B,ESTG27-004,3,3,0,0
Model1_API_Llama70B,ESTG27-005,2,2,0,0
Model1_API_Llama70B,ESTG27-006,3,3,0,0
Model1_API_Llama70B,ESTG27-007,3,3,0,0
Model1_API_Llama70B,ESTG27-008,5,5,0,0
Model1_API_Llama70B,ESTG27-009,5,5,0,0
Model1_API_Llama70B,ESTG27-010,4,4,0,0
Model1_API_Llama70B,ESTG27-011,3,3,0,0
Model1_API_Llama70B,ESTG27-012,3,0,0,3
Model1_API_Llama70B,ESTG27-013,3,3,0,0
Model1_API_Llama70B,ESTG27-014,5,5,0,0
Model1_API_Llama70B,ESTG27-017,4,4,0,0
Model1_API_Llama70B,ESTG27-018,2,2,0,0
Model1_API_Llama70B,ESTG27-019,4,4,0,0
Model1_API_Llama70B,ESTG27-020,2,2,0,0
Model1_API_Llama70B,ESTG27-021,4,4,0,0
Model1_API_Llama70B,ESTG27-022,5,5,0,0
Model1_API_Llama70B,ESTG27-023,2,2,0,0
Model1_API_Llama70B,ESTG27-024,3,3,0,0
Model1_API_Llama70B,ESTG27-025,4,4,0,0
Model1_API_Llama70B,ESTG27-026,5,5,0,0
Model1_API_Llama70B,ESTG27-027,4,1,0,3
Model1_API_Llama70B,ESTG27-028,3,3,0,0
Model1_API_Llama70B,ESTG27-029,5,5,0,0
Model1_API_Llama70B,ESTG27-030,1,1,0,0
Model1_API_Llama70B,ESTG27-031,3,3,0,0
Model1_API_Llama70B,ESTG27-032,3,3,0,0
Model1_API_Llama70B,ESTG27-033,5,5,0,0
Model1_API_Llama70B,ESTG27-034,4,4,0,0
Model1_API_Llama70B,ESTG27-035,3,3,0,0
Model1_API_Llama70B,ESTG27-036,5,5,0,0
Model1_API_Llama70B,ESTG27-037,2,2,0,0
Model1_API_Llama70B,ESTG27-038,3,3,0,0
Model1_API_Llama70B,ESTG27-039,2,2,0,0
Model1_API_Llama70B,ESTG27-040,3,2,0,1
Model1_API_Llama70B,EMP-001,2,2,0,0
Model1_API_Llama70B,EMP-002,3,3,0,0
Model1_API_Llama70B,EMP-003,3,3,0,0
Model1_API_Llama70B,EMP-004,3,3,0,0
Model1_API_Llama70B,EMP-005,2,2,0,0
Model1_API_Llama70B,EMP-006,3,3,0,0
Model1_API_Llama70B,EMP-007,4,4,0,0
Model1_API_Llama70B,EMP-008,2,2,0,0
Model1_API_Llama70B,EMP-009,3,3,0,0
Model1_API_Llama70B,EMP-010,1,1,0,0
Model1_API_Llama70B,EMP-011,2,2,0,0
Model1_API_Llama70B,EMP-012,3,3,0,0
Model1_API_Llama70B,EMP-013,3,3,0,0
Model1_API_Llama70B,EMP-014,4,4,0,0
Model1_API_Llama70B,EMP-015,3,3,0,0
Model1_API_Llama70B,EMP-016,2,2,0,0
Model1_API_Llama70B,EMP-017,3,3,0,0
Model1_API_Llama70B,EMP-018,3,3,0,0
Model1_API_Llama70B,EMP-019,4,4,0,0
Model1_API_Llama70B,EMP-020,2,2,0,0
Model1_API_Llama70B,EMP-021,3,3,0,0
Model1_API_Llama70B,EMP-022,3,3,0,0
Model1_API_Llama70B,EMP-023,3,3,0,0
Model1_API_Llama70B,EMP-024,2,2,0,0
Model1_API_Llama70B,EMP-025,2,2,0,0
Model1_API_Llama70B,EMP-026,4,4,0,0
Model1_API_Llama70B,EMP-027,5,5,0,0
Model1_API_Llama70B,EMP-028,4,4,0,0
Model1_API_Llama70B,EMP-029,1,1,0,0
Model1_API_Llama70B,EMP-030,2,2,0,0
Model1_API_Llama70B,EMP-031,3,3,0,0
Model1_API_Llama70B,EMP-032,6,6,0,0
Model1_API_Llama70B,EMP-033,3,3,0,0
Model1_API_Llama70B,EMP-034,3,3,0,0
Model1_API_Llama70B,EMP-035,2,2,0,0
Model1_API_Llama70B,EMP-036,5,5,0,0
Model1_API_Llama70B,EMP-037,2,2,0,0
Model1_API_Llama70B,EMP-038,3,3,0,0
Model1_API_Llama70B,EMP-039,4,4,0,0
Model1_API_Llama70B,EMP-040,3,3,0,0
Model1_API_Llama70B,EMP-041,2,2,0,0
Model1_API_Llama70B,EMP-042,3,3,0,0
Model1_API_Llama70B,EMP-043,3,3,0,0
Model1_API_Llama70B,EMP-044,2,2,0,0
Model1_API_Llama70B,EMP-045,3,3,0,0
Model1_API_Llama70B,EMP-046,2,2,0,0
Model1_API_Llama70B,EMP-047,2,2,0,0
Model1_API_Llama70B,EMP-048,3,3,0,0
Model1_API_Llama70B,EMP-049,3,3,0,0
Model1_API_Llama70B,EMP-050,2,2,0,0
Model1_API_Llama70B,EMP-051,3,3,0,0
Model1_API_Llama70B,EMP-052,2,2,0,0
Model1_API_Llama70B,EMP-053,2,2,0,0
Model1_API_Llama70B,EMP-054,3,3,0,0
Model1_API_Llama70B,EMP-055,3,3,0,0
Model1_API_Llama70B,EMP-056,2,2,0,0
Model1_API_Llama70B,EMP-057,2,2,0,0
Model1_API_Llama70B,EMP-058,2,2,0,0
Model1_API_Llama70B,EMP-059,3,3,0,0
Model1_API_Llama70B,EMP-060,2,2,0,0
Model1_API_Llama70B,EStG-23-001,5,5,0,0
Model1_API_Llama70B,EStG-23-002,3,3,0,0
Model1_API_Llama70B,EStG-23-003,4,4,0,0
Model1_API_Llama70B,EStG-23-004,3,3,0,0
Model1_API_Llama70B,EStG-23-005,4,4,0,0
Model1_API_Llama70B,EStG-23-006,4,4,0,0
Model1_API_Llama70B,EStG-23-007,4,4,0,0
Model1_API_Llama70B,EStG-23-008,3,2,0,1
Model1_API_Llama70B,EStG-23-009,4,4,0,0
Model1_API_Llama70B,EStG-23-010,3,3,0,0
Model1_API_Llama70B,EStG-23-011,3,3,0,0
Model1_API_Llama70B,EStG-23-012,3,3,0,0
Model1_API_Llama70B,EStG-23-013,2,2,0,0
Model1_API_Llama70B,EStG-23-014,3,3,0,0
Model1_API_Llama70B,EStG-23-015,4,4,0,0
Model1_API_Llama70B,EStG-23-016,4,4,0,0
Model1_API_Llama70B,EStG-23-017,2,2,0,0
Model1_API_Llama70B,EStG-23-018,2,2,0,0
Model1_API_Llama70B,EStG-23-019,4,4,0,0
Model1_API_Llama70B,EStG-23-020,4,4,0,0
Model1_API_Llama70B,EStG-23-021,3,3,0,0
Model1_API_Llama70B,EStG-23-022,3,3,0,0
Model1_API_Llama70B,EStG-23-023,3,3,0,0
Model1_API_Llama70B,EStG-23-024,3,3,0,0
Model1_API_Llama70B,EStG-23-025,3,3,0,0
Model1_API_Llama70B,EStG-23-026,3,3,0,0
Model1_API_Llama70B,EStG-23-027,4,4,0,0
Model1_API_Llama70B,EStG-23-028,4,4,0,0
Model1_API_Llama70B,EStG-23-029,6,6,0,0
Model1_API_Llama70B,EStG-23-030,6,5,0,1
Model1_API_Llama70B,EStG-23-031,4,4,0,0
Model1_API_Llama70B,EStG-23-032,8,8,0,0
Model1_API_Llama70B,EStG-23-033,5,5,0,0
Model1_API_Llama70B,EStG-23-034,4,3,0,1
Model1_API_Llama70B,EStG-23-035,5,5,0,0
Model1_API_Llama70B,EStG-23-036,2,2,0,0
Model1_API_Llama70B,EStG-23-037,3,1,0,2
Model1_API_Llama70B,EStG-23-038,3,2,0,1
Model1_API_Llama70B,EStG-23-039,3,1,0,2
Model1_API_Llama70B,EStG-23-040,4,2,0,2
Model1_API_Llama70B,EStG-23-041,3,3,0,0
Model1_API_Llama70B,EStG-23-042,3,0,0,3
Model1_API_Llama70B,EStG-23-043,2,2,0,0
Model1_API_Llama70B,EStG-23-044,2,2,0,0
Model1_API_Llama70B,EStG-23-045,3,2,0,1
Model1_API_Llama70B,EStG-23-046,4,4,0,0
Model1_API_Llama70B,EStG-23-047,4,4,0,0
Model1_API_Llama70B,EStG-23-048,3,2,0,1
Model1_API_Llama70B,EStG-23-049,2,2,0,0
Model1_API_Llama70B,EStG-23-050,3,2,0,1
Model1_API_Llama70B,EStG-23-051,3,0,0,3
Model1_API_Llama70B,EStG-23-052,5,5,0,0
Model1_API_Llama70B,EStG-23-053,3,2,0,1
Model1_API_Llama70B,EStG-23-054,3,3,0,0
Model1_API_Llama70B,EStG-23-055,2,2,0,0
Model1_API_Llama70B,EStG-23-056,2,0,0,2
Model1_API_Llama70B,EStG-23-057,2,2,0,0
Model1_API_Llama70B,EStG-23-058,3,2,0,1
Model1_API_Llama70B,EStG-23-059,4,4,0,0
Model1_API_Llama70B,EStG-23-060,4,4,0,0
Model1_API_Llama70B,SELF-001,2,2,0,0
Model1_API_Llama70B,SELF-002,1,1,0,0
Model1_API_Llama70B,SELF-003,2,2,0,0
Model1_API_Llama70B,SELF-004,2,2,0,0
Model1_API_Llama70B,SELF-005,0,0,0,0
Model1_API_Llama70B,SELF-006,4,3,0,1
Model1_API_Llama70B,SELF-007,4,4,0,0
Model1_API_Llama70B,SELF-008,3,3,0,0
Model1_API_Llama70B,SELF-009,2,2,0,0
Model1_API_Llama70B,SELF-010,3,3,0,0
Model1_API_Llama70B,SELF-011,4,4,0,0
Model1_API_Llama70B,SELF-012,3,3,0,0
Model1_API_Llama70B,SELF-013,2,0,0,2
Model1_API_Llama70B,SELF-014,4,4,0,0
Model1_API_Llama70B,SELF-015,0,0,0,0
Model1_API_Llama70B,SELF-016,2,2,0,0
Model1_API_Llama70B,SELF-017,0,0,0,0
Model1_API_Llama70B,SELF-018,1,0,0,1
Model1_API_Llama70B,SELF-019,4,0,0,4
Model1_API_Llama70B,SELF-020,0,0,0,0
Model1_API_Llama70B,SELF-021,3,3,0,0
Model1_API_Llama70B,SELF-022,0,0,0,0
Model1_API_Llama70B,SELF-023,0,0,0,0
Model1_API_Llama70B,SELF-024,5,3,0,2
Model1_API_Llama70B,SELF-025,2,0,0,2
Model1_API_Llama70B,SELF-026,5,5,0,0
Model1_API_Llama70B,SELF-027,0,0,0,0
Model1_API_Llama70B,SELF-028,1,1,0,0
Model1_API_Llama70B,SELF-029,2,2,0,0
Model1_API_Llama70B,SELF-030,2,2,0,0
Model1_API_Llama70B,SELF-031,0,0,0,0
Model1_API_Llama70B,SELF-032,1,1,0,0
Model1_API_Llama70B,SELF-033,3,3,0,0
Model1_API_Llama70B,SELF-034,3,3,0,0
Model1_API_Llama70B,SELF-035,0,0,0,0
Model1_API_Llama70B,SELF-036,6,6,0,0
Model1_API_Llama70B,SELF-037,1,1,0,0
Model1_API_Llama70B,SELF-038,1,1,0,0
Model1_API_Llama70B,SELF-039,3,0,0,3
Model1_API_Llama70B,SELF-040,3,3,0,0
Model1_API_Llama70B,SELF-041,8,8,0,0
Model1_API_Llama70B,SELF-042,4,4,0,0
Model1_API_Llama70B,SELF-043,3,3,0,0
Model1_API_Llama70B,SELF-044,8,8,0,0
Model1_API_Llama70B,SELF-045,9,9,0,0
Model1_API_Llama70B,SELF-046,3,3,0,0
Model1_API_Llama70B,SELF-047,2,0,0,2
Model1_API_Llama70B,SELF-048,2,1,0,1
Model1_API_Llama70B,SELF-049,3,0,0,3
Model1_API_Llama70B,SELF-050,0,0,0,0
Model1_API_Llama70B,SELF-051,0,0,0,0
Model1_API_Llama70B,SELF-052,2,0,0,2
Model1_API_Llama70B,SELF-053,2,0,0,2
Model1_API_Llama70B,SELF-054,4,4,0,0
Model1_API_Llama70B,SELF-055,6,6,0,0
Model1_API_Llama70B,SELF-056,6,6,0,0
Model1_API_Llama70B,SELF-057,4,4,0,0
Model1_API_Llama70B,SELF-058,4,4,0,0
Model1_API_Llama70B,SELF-059,2,2,0,0
Model1_API_Llama70B,SELF-060,4,4,0,0
Model1_API_Llama70B,SELF-061,6,0,0,6
Model1_API_Llama70B,SELF-062,3,0,0,3
Model1_API_Llama70B,SELF-063,3,3,0,0
Model1_API_Llama70B,SELF-064,0,0,0,0
Model1_API_Llama70B,SELF-065,2,2,0,0
Model1_API_Llama70B,SELF-066,2,2,0,0
Model1_API_Llama70B,SELF-067,1,1,0,0
Model1_API_Llama70B,SELF-068,2,2,0,0
Model1_API_Llama70B,SELF-069,0,0,0,0
Model1_API_Llama70B,SELF-070,3,0,0,3
Model1_API_Llama70B,SELF-071,5,5,0,0
Model1_API_Llama70B,SELF-072,1,1,0,0
Model1_API_Llama70B,SELF-073,2,2,0,0
Model1_API_Llama70B,SELF-074,3,3,0,0
Model1_API_Llama70B,SELF-075,4,4,0,0
Model1_API_Llama70B,SELF-076,2,2,0,0
Model1_API_Llama70B,SELF-077,4,4,0,0
Model1_API_Llama70B,SELF-078,1,1,0,0
Model1_API_Llama70B,SELF-079,2,2,0,0
Model1_API_Llama70B,SELF-080,5,3,0,2
Model1_API_Llama70B,SELF-081,2,0,0,2
Model1_API_Llama70B,SELF-082,3,3,0,0
Model2_Finetuned_Gemma2B,CORP-TAX-001,0,0,0,0
Model2_Finetuned_Gemma2B,CORP-TAX-002,0,0,0,0
Model2_Finetuned_Gemma2B,CORP-TAX-003,0,0,0,0
Model2_Finetuned_Gemma2B,CORP-TAX-004,0,0,0,0
Model2_Finetuned_Gemma2B,CORP-TAX-005,0,0,0,0
Model2_Finetuned_Gemma2B,CORP-TAX-006,0,0,0,0
Model2_Finetuned_Gemma2B,CORP-TAX-007,0,0,0,0
Model2_Finetuned_Gemma2B,CORP-TAX-008,0,0,0,0
Model2_Finetuned_Gemma2B,CORP-TAX-009,1,0,1,0
Model2_Finetuned_Gemma2B,CORP-TAX-010,0,0,0,0
Model2_Finetuned_Gemma2B,CORP-TAX-011,2,2,0,0
Model2_Finetuned_Gemma2B,CORP-TAX-012,0,0,0,0
Model2_Finetuned_Gemma2B,CORP-TAX-013,6,6,0,0
Model2_Finetuned_Gemma2B,CORP-TAX-014,0,0,0,0
Model2_Finetuned_Gemma2B,CORP-TAX-015,1,1,0,0
Model2_Finetuned_Gemma2B,CORP-TAX-016,0,0,0,0
Model2_Finetuned_Gemma2B,CORP-TAX-017,4,4,0,0
Model2_Finetuned_Gemma2B,CORP-TAX-018,0,0,0,0
Model2_Finetuned_Gemma2B,CORP-TAX-019,2,1,0,1
Model2_Finetuned_Gemma2B,CORP-TAX-020,0,0,0,0
Model2_Finetuned_Gemma2B,CORP-TAX-021,1,0,1,0
Model2_Finetuned_Gemma2B,CORP-TAX-022,7,7,0,0
Model2_Finetuned_Gemma2B,CORP-TAX-023,0,0,0,0
Model2_Finetuned_Gemma2B,CORP-TAX-024,0,0,0,0
Model2_Finetuned_Gemma2B,CORP-TAX-025,1,1,0,0
Model2_Finetuned_Gemma2B,CORP-TAX-026,5,5,0,0
Model2_Finetuned_Gemma2B,CORP-TAX-027,2,2,0,0
Model2_Finetuned_Gemma2B,CORP-TAX-028,0,0,0,0
Model2_Finetuned_Gemma2B,CORP-TAX-029,2,0,2,0
Model2_Finetuned_Gemma2B,CORP-TAX-030,1,1,0,0
Model2_Finetuned_Gemma2B,CORP-TAX-031,0,0,0,0
Model2_Finetuned_Gemma2B,CORP-TAX-032,1,0,1,0
Model2_Finetuned_Gemma2B,CORP-TAX-033,0,0,0,0
Model2_Finetuned_Gemma2B,CORP-TAX-034,0,0,0,0
Model2_Finetuned_Gemma2B,CORP-TAX-035,0,0,0,0
Model2_Finetuned_Gemma2B,CORP-TAX-036,2,2,0,0
Model2_Finetuned_Gemma2B,CORP-TAX-037,4,4,0,0
Model2_Finetuned_Gemma2B,CORP-TAX-038,2,2,0,0
Model2_Finetuned_Gemma2B,CORP-TAX-039,1,1,0,0
Model2_Finetuned_Gemma2B,CORP-TAX-040,0,0,0,0
Model2_Finetuned_Gemma2B,CORP-TAX-041,0,0,0,0
Model2_Finetuned_Gemma2B,CORP-TAX-042,1,1,0,0
Model2_Finetuned_Gemma2B,CORP-TAX-043,6,6,0,0
Model2_Finetuned_Gemma2B,CORP-TAX-044,4,4,0,0
Model2_Finetuned_Gemma2B,CORP-TAX-045,2,2,0,0
Model2_Finetuned_Gemma2B,CORP-TAX-046,6,6,0,0
Model2_Finetuned_Gemma2B,CORP-TAX-047,0,0,0,0
Model2_Finetuned_Gemma2B,CORP-TAX-048,1,1,0,0
Model2_Finetuned_Gemma2B,CORP-TAX-049,0,0,0,0
Model2_Finetuned_Gemma2B,CORP-TAX-050,0,0,0,0
Model2_Finetuned_Gemma2B,CORP-TAX-051,3,3,0,0
Model2_Finetuned_Gemma2B,CORP-TAX-052,0,0,0,0
Model2_Finetuned_Gemma2B,CORP-TAX-053,0,0,0,0
Model2_Finetuned_Gemma2B,CORP-TAX-054,0,0,0,0
Model2_Finetuned_Gemma2B,CORP-TAX-055,1,1,0,0
Model2_Finetuned_Gemma2B,CORP-TAX-056,0,0,0,0
Model2_Finetuned_Gemma2B,CORP-TAX-057,3,2,1,0
Model2_Finetuned_Gemma2B,CORP-TAX-058,1,0,1,0
Model2_Finetuned_Gemma2B,CORP-TAX-059,2,2,0,0
Model2_Finetuned_Gemma2B,CORP-TAX-060,1,1,0,0
Model2_Finetuned_Gemma2B,TAX-INTL-001,0,0,0,0
Model2_Finetuned_Gemma2B,TAX-INTL-002,2,0,2,0
Model2_Finetuned_Gemma2B,TAX-INTL-003,1,0,1,0
Model2_Finetuned_Gemma2B,TAX-INTL-004,0,0,0,0
Model2_Finetuned_Gemma2B,TAX-INTL-005,1,1,0,0
Model2_Finetuned_Gemma2B,TAX-INTL-006,4,4,0,0
Model2_Finetuned_Gemma2B,TAX-INTL-007,0,0,0,0
Model2_Finetuned_Gemma2B,TAX-INTL-008,0,0,0,0
Model2_Finetuned_Gemma2B,TAX-INTL-009,0,0,0,0
Model2_Finetuned_Gemma2B,TAX-INTL-010,0,0,0,0
Model2_Finetuned_Gemma2B,TAX-INTL-011,0,0,0,0
Model2_Finetuned_Gemma2B,TAX-INTL-012,1,1,0,0
Model2_Finetuned_Gemma2B,TAX-INTL-013,0,0,0,0
Model2_Finetuned_Gemma2B,TAX-INTL-014,0,0,0,0
Model2_Finetuned_Gemma2B,TAX-INTL-015,2,2,0,0
Model2_Finetuned_Gemma2B,TAX-INTL-016,0,0,0,0
Model2_Finetuned_Gemma2B,TAX-INTL-017,1,1,0,0
Model2_Finetuned_Gemma2B,TAX-INTL-018,1,0,1,0
Model2_Finetuned_Gemma2B,TAX-INTL-019,0,0,0,0
Model2_Finetuned_Gemma2B,TAX-INTL-020,2,1,1,0
Model2_Finetuned_Gemma2B,TAX-INTL-021,4,4,0,0
Model2_Finetuned_Gemma2B,TAX-INTL-022,4,4,0,0
Model2_Finetuned_Gemma2B,TAX-INTL-023,3,3,0,0
Model2_Finetuned_Gemma2B,TAX-INTL-024,1,1,0,0
Model2_Finetuned_Gemma2B,TAX-INTL-025,0,0,0,0
Model2_Finetuned_Gemma2B,TAX-INTL-026,0,0,0,0
Model2_Finetuned_Gemma2B,TAX-INTL-027,0,0,0,0
Model2_Finetuned_Gemma2B,TAX-INTL-028,0,0,0,0
Model2_Finetuned_Gemma2B,TAX-INTL-029,4,4,0,0
Model2_Finetuned_Gemma2B,TAX-INTL-030,4,4,0,0
Model2_Finetuned_Gemma2B,TAX-INTL-031,0,0,0,0
Model2_Finetuned_Gemma2B,TAX-INTL-032,6,6,0,0
Model2_Finetuned_Gemma2B,TAX-INTL-033,1,1,0,0
Model2_Finetuned_Gemma2B,TAX-INTL-034,2,2,0,0
Model2_Finetuned_Gemma2B,TAX-INTL-035,0,0,0,0
Model2_Finetuned_Gemma2B,TAX-INTL-036,0,0,0,0
Model2_Finetuned_Gemma2B,TAX-INTL-037,0,0,0,0
Model2_Finetuned_Gemma2B,TAX-INTL-038,1,0,1,0
Model2_Finetuned_Gemma2B,TAX-INTL-039,0,0,0,0
Model2_Finetuned_Gemma2B,TAX-INTL-040,0,0,0,0
Model2_Finetuned_Gemma2B,TAX-INTL-041,0,0,0,0
Model2_Finetuned_Gemma2B,TAX-INTL-042,0,0,0,0
Model2_Finetuned_Gemma2B,TAX-INTL-043,0,0,0,0
Model2_Finetuned_Gemma2B,TAX-INTL-044,0,0,0,0
Model2_Finetuned_Gemma2B,TAX-INTL-045,0,0,0,0
Model2_Finetuned_Gemma2B,TAX-INTL-046,2,2,0,0
Model2_Finetuned_Gemma2B,TAX-INTL-047,1,0,1,0
Model2_Finetuned_Gemma2B,TAX-INTL-048,0,0,0,0
Model2_Finetuned_Gemma2B,TAX-INTL-049,0,0,0,0
Model2_Finetuned_Gemma2B,TAX-INTL-050,3,0,3,0
Model2_Finetuned_Gemma2B,TAX-INTL-051,0,0,0,0
Model2_Finetuned_Gemma2B,TAX-INTL-052,4,1,3,0
Model2_Finetuned_Gemma2B,TAX-INTL-053,0,0,0,0
Model2_Finetuned_Gemma2B,TAX-INTL-054,0,0,0,0
Model2_Finetuned_Gemma2B,TAX-INTL-055,3,2,1,0
Model2_Finetuned_Gemma2B,TAX-INTL-056,0,0,0,0
Model2_Finetuned_Gemma2B,TAX-INTL-057,1,1,0,0
Model2_Finetuned_Gemma2B,TAX-INTL-058,0,0,0,0
Model2_Finetuned_Gemma2B,TAX-INTL-059,0,0,0,0
Model2_Finetuned_Gemma2B,TAX-INTL-060,0,0,0,0
Model2_Finetuned_Gemma2B,TAX-INTL-061,3,3,0,0
Model2_Finetuned_Gemma2B,TAX-INTL-062,0,0,0,0
Model2_Finetuned_Gemma2B,TAX-INTL-063,0,0,0,0
Model2_Finetuned_Gemma2B,TAX-INTL-064,1,1,0,0
Model2_Finetuned_Gemma2B,TAX-INTL-065,3,3,0,0
Model2_Finetuned_Gemma2B,TAX-INTL-066,0,0,0,0
Model2_Finetuned_Gemma2B,TAX-INTL-067,2,2,0,0
Model2_Finetuned_Gemma2B,TAX-INTL-068,2,2,0,0
Model2_Finetuned_Gemma2B,TAX-INTL-069,0,0,0,0
Model2_Finetuned_Gemma2B,TAX-INTL-070,0,0,0,0
Model2_Finetuned_Gemma2B,TAX-INTL-071,1,1,0,0
Model2_Finetuned_Gemma2B,TAX-INTL-072,2,2,0,0
Model2_Finetuned_Gemma2B,TAX-INTL-073,6,6,0,0
Model2_Finetuned_Gemma2B,TAX-INTL-074,0,0,0,0
Model2_Finetuned_Gemma2B,TAX-INTL-075,0,0,0,0
Model2_Finetuned_Gemma2B,TAX-INTL-076,0,0,0,0
Model2_Finetuned_Gemma2B,TAX-INTL-077,0,0,0,0
Model2_Finetuned_Gemma2B,TAX-INTL-078,0,0,0,0
Model2_Finetuned_Gemma2B,TAX-INTL-079,0,0,0,0
Model2_Finetuned_Gemma2B,TAX-INTL-080,1,1,0,0
Model2_Finetuned_Gemma2B,ESTG-NEW-001,0,0,0,0
Model2_Finetuned_Gemma2B,ESTG-NEW-002,1,1,0,0
Model2_Finetuned_Gemma2B,ESTG-NEW-003,0,0,0,0
Model2_Finetuned_Gemma2B,ESTG-NEW-004,0,0,0,0
Model2_Finetuned_Gemma2B,ESTG-NEW-005,0,0,0,0
Model2_Finetuned_Gemma2B,ESTG-NEW-006,1,1,0,0
Model2_Finetuned_Gemma2B,ESTG-NEW-007,2,2,0,0
Model2_Finetuned_Gemma2B,ESTG-NEW-008,3,3,0,0
Model2_Finetuned_Gemma2B,ESTG-NEW-009,1,0,1,0
Model2_Finetuned_Gemma2B,ESTG-NEW-010,0,0,0,0
Model2_Finetuned_Gemma2B,ESTG-NEW-011,2,2,0,0
Model2_Finetuned_Gemma2B,ESTG-NEW-012,2,2,0,0
Model2_Finetuned_Gemma2B,ESTG-NEW-013,0,0,0,0
Model2_Finetuned_Gemma2B,ESTG-NEW-014,2,2,0,0
Model2_Finetuned_Gemma2B,ESTG-NEW-015,1,1,0,0
Model2_Finetuned_Gemma2B,ESTG-NEW-016,0,0,0,0
Model2_Finetuned_Gemma2B,ESTG-NEW-017,1,1,0,0
Model2_Finetuned_Gemma2B,ESTG-NEW-018,3,3,0,0
Model2_Finetuned_Gemma2B,ESTG-NEW-019,0,0,0,0
Model2_Finetuned_Gemma2B,ESTG-NEW-020,0,0,0,0
Model2_Finetuned_Gemma2B,VAT-DOM-001,1,1,0,0
Model2_Finetuned_Gemma2B,VAT-DOM-002,0,0,0,0
Model2_Finetuned_Gemma2B,VAT-DOM-003,0,0,0,0
Model2_Finetuned_Gemma2B,VAT-DOM-004,0,0,0,0
Model2_Finetuned_Gemma2B,VAT-DOM-005,0,0,0,0
Model2_Finetuned_Gemma2B,VAT-DOM-006,0,0,0,0
Model2_Finetuned_Gemma2B,VAT-DOM-007,0,0,0,0
Model2_Finetuned_Gemma2B,VAT-DOM-008,2,2,0,0
Model2_Finetuned_Gemma2B,VAT-DOM-009,0,0,0,0
Model2_Finetuned_Gemma2B,VAT-DOM-010,0,0,0,0
Model2_Finetuned_Gemma2B,VAT-DOM-011,0,0,0,0
Model2_Finetuned_Gemma2B,VAT-DOM-012,2,2,0,0
Model2_Finetuned_Gemma2B,VAT-DOM-013,2,2,0,0
Model2_Finetuned_Gemma2B,VAT-DOM-014,0,0,0,0
Model2_Finetuned_Gemma2B,VAT-DOM-015,2,2,0,0
Model2_Finetuned_Gemma2B,VAT-DOM-016,0,0,0,0
Model2_Finetuned_Gemma2B,VAT-DOM-017,4,4,0,0
Model2_Finetuned_Gemma2B,VAT-DOM-018,0,0,0,0
Model2_Finetuned_Gemma2B,VAT-DOM-019,1,1,0,0
Model2_Finetuned_Gemma2B,VAT-DOM-020,0,0,0,0
Model2_Finetuned_Gemma2B,VAT-DOM-021,3,3,0,0
Model2_Finetuned_Gemma2B,VAT-DOM-022,0,0,0,0
Model2_Finetuned_Gemma2B,VAT-DOM-023,4,4,0,0
Model2_Finetuned_Gemma2B,VAT-DOM-024,1,0,1,0
Model2_Finetuned_Gemma2B,VAT-DOM-025,2,2,0,0
Model2_Finetuned_Gemma2B,VAT-DOM-026,3,3,0,0
Model2_Finetuned_Gemma2B,VAT-DOM-027,3,3,0,0
Model2_Finetuned_Gemma2B,VAT-DOM-028,0,0,0,0
Model2_Finetuned_Gemma2B,VAT-DOM-029,0,0,0,0
Model2_Finetuned_Gemma2B,VAT-DOM-030,2,2,0,0
Model2_Finetuned_Gemma2B,VAT-DOM-031,2,2,0,0
Model2_Finetuned_Gemma2B,VAT-DOM-032,2,2,0,0
Model2_Finetuned_Gemma2B,VAT-DOM-033,1,1,0,0
Model2_Finetuned_Gemma2B,VAT-DOM-034,2,2,0,0
Model2_Finetuned_Gemma2B,VAT-DOM-035,2,2,0,0
Model2_Finetuned_Gemma2B,VAT-DOM-036,2,2,0,0
Model2_Finetuned_Gemma2B,VAT-DOM-037,4,4,0,0
Model2_Finetuned_Gemma2B,VAT-DOM-038,5,5,0,0
Model2_Finetuned_Gemma2B,VAT-DOM-039,2,2,0,0
Model2_Finetuned_Gemma2B,VAT-DOM-040,3,3,0,0
Model2_Finetuned_Gemma2B,VAT-DOM-041,4,4,0,0
Model2_Finetuned_Gemma2B,VAT-DOM-042,2,2,0,0
Model2_Finetuned_Gemma2B,VAT-DOM-043,3,3,0,0
Model2_Finetuned_Gemma2B,VAT-DOM-044,1,1,0,0
Model2_Finetuned_Gemma2B,VAT-DOM-045,0,0,0,0
Model2_Finetuned_Gemma2B,VAT-DOM-046,1,0,1,0
Model2_Finetuned_Gemma2B,VAT-DOM-047,5,5,0,0
Model2_Finetuned_Gemma2B,VAT-DOM-048,0,0,0,0
Model2_Finetuned_Gemma2B,VAT-DOM-049,1,1,0,0
Model2_Finetuned_Gemma2B,VAT-DOM-050,0,0,0,0
Model2_Finetuned_Gemma2B,VAT-DOM-051,0,0,0,0
Model2_Finetuned_Gemma2B,VAT-DOM-052,3,3,0,0
Model2_Finetuned_Gemma2B,VAT-DOM-053,5,5,0,0
Model2_Finetuned_Gemma2B,VAT-DOM-054,2,2,0,0
Model2_Finetuned_Gemma2B,VAT-DOM-055,3,3,0,0
Model2_Finetuned_Gemma2B,VAT-DOM-056,4,3,1,0
Model2_Finetuned_Gemma2B,VAT-DOM-057,0,0,0,0
Model2_Finetuned_Gemma2B,VAT-DOM-058,3,3,0,0
Model2_Finetuned_Gemma2B,VAT-DOM-059,0,0,0,0
Model2_Finetuned_Gemma2B,VAT-DOM-060,3,3,0,0
Model2_Finetuned_Gemma2B,VAT-DOM-061,0,0,0,0
Model2_Finetuned_Gemma2B,VAT-DOM-062,1,0,1,0
Model2_Finetuned_Gemma2B,VAT-DOM-063,0,0,0,0
Model2_Finetuned_Gemma2B,VAT-DOM-064,3,2,1,0
Model2_Finetuned_Gemma2B,VAT-DOM-065,0,0,0,0
Model2_Finetuned_Gemma2B,VAT-DOM-066,0,0,0,0
Model2_Finetuned_Gemma2B,VAT-DOM-067,5,5,0,0
Model2_Finetuned_Gemma2B,VAT-DOM-068,1,0,1,0
Model2_Finetuned_Gemma2B,VAT-DOM-069,4,4,0,0
Model2_Finetuned_Gemma2B,VAT-DOM-070,4,3,1,0
Model2_Finetuned_Gemma2B,VAT-DOM-071,4,4,0,0
Model2_Finetuned_Gemma2B,VAT-DOM-072,0,0,0,0
Model2_Finetuned_Gemma2B,VAT-DOM-073,1,0,1,0
Model2_Finetuned_Gemma2B,VAT-DOM-074,1,1,0,0
Model2_Finetuned_Gemma2B,VAT-DOM-075,4,0,4,0
Model2_Finetuned_Gemma2B,VAT-DOM-076,0,0,0,0
Model2_Finetuned_Gemma2B,VAT-DOM-077,3,3,0,0
Model2_Finetuned_Gemma2B,VAT-DOM-078,0,0,0,0
Model2_Finetuned_Gemma2B,VAT-DOM-079,0,0,0,0
Model2_Finetuned_Gemma2B,VAT-DOM-080,1,1,0,0
Model2_Finetuned_Gemma2B,GRESt-AT-001,3,0,3,0
Model2_Finetuned_Gemma2B,GRESt-AT-002,0,0,0,0
Model2_Finetuned_Gemma2B,GRESt-AT-003,0,0,0,0
Model2_Finetuned_Gemma2B,GRESt-AT-004,1,0,1,0
Model2_Finetuned_Gemma2B,GRESt-AT-005,0,0,0,0
Model2_Finetuned_Gemma2B,GRESt-AT-006,1,0,1,0
Model2_Finetuned_Gemma2B,GRESt-AT-007,0,0,0,0
Model2_Finetuned_Gemma2B,GRESt-AT-008,1,0,1,0
Model2_Finetuned_Gemma2B,GRESt-AT-009,3,1,2,0
Model2_Finetuned_Gemma2B,GRESt-AT-010,1,0,1,0
Model2_Finetuned_Gemma2B,GRESt-AT-011,0,0,0,0
Model2_Finetuned_Gemma2B,GRESt-AT-012,0,0,0,0
Model2_Finetuned_Gemma2B,GRESt-AT-013,0,0,0,0
Model2_Finetuned_Gemma2B,GRESt-AT-014,0,0,0,0
Model2_Finetuned_Gemma2B,GRESt-AT-015,3,1,2,0
Model2_Finetuned_Gemma2B,GRESt-AT-016,2,1,1,0
Model2_Finetuned_Gemma2B,GRESt-AT-017,0,0,0,0
Model2_Finetuned_Gemma2B,GRESt-AT-018,0,0,0,0
Model2_Finetuned_Gemma2B,GRESt-AT-019,0,0,0,0
Model2_Finetuned_Gemma2B,GRESt-AT-020,1,1,0,0
Model2_Finetuned_Gemma2B,GRESt-AT-021,0,0,0,0
Model2_Finetuned_Gemma2B,GRESt-AT-022,0,0,0,0
Model2_Finetuned_Gemma2B,GRESt-AT-023,2,2,0,0
Model2_Finetuned_Gemma2B,GRESt-AT-024,2,2,0,0
Model2_Finetuned_Gemma2B,GRESt-AT-025,2,1,1,0
Model2_Finetuned_Gemma2B,GRESt-AT-026,1,1,0,0
Model2_Finetuned_Gemma2B,GRESt-AT-027,3,3,0,0
Model2_Finetuned_Gemma2B,GRESt-AT-028,5,0,0,5
Model2_Finetuned_Gemma2B,GRESt-AT-029,0,0,0,0
Model2_Finetuned_Gemma2B,GRESt-AT-030,1,1,0,0
Model2_Finetuned_Gemma2B,GRESt-AT-031,0,0,0,0
Model2_Finetuned_Gemma2B,GRESt-AT-032,2,2,0,0
Model2_Finetuned_Gemma2B,GRESt-AT-033,2,2,0,0
Model2_Finetuned_Gemma2B,GRESt-AT-034,0,0,0,0
Model2_Finetuned_Gemma2B,GRESt-AT-035,1,1,0,0
Model2_Finetuned_Gemma2B,GRESt-AT-036,3,0,3,0
Model2_Finetuned_Gemma2B,GRESt-AT-037,2,1,1,0
Model2_Finetuned_Gemma2B,GRESt-AT-038,1,1,0,0
Model2_Finetuned_Gemma2B,GRESt-AT-039,1,1,0,0
Model2_Finetuned_Gemma2B,GRESt-AT-040,2,2,0,0
Model2_Finetuned_Gemma2B,GRESt-AT-041,1,1,0,0
Model2_Finetuned_Gemma2B,GRESt-AT-042,4,2,2,0
Model2_Finetuned_Gemma2B,GRESt-AT-043,3,1,2,0
Model2_Finetuned_Gemma2B,GRESt-AT-044,1,1,0,0
Model2_Finetuned_Gemma2B,GRESt-AT-045,0,0,0,0
Model2_Finetuned_Gemma2B,GRESt-AT-046,2,1,1,0
Model2_Finetuned_Gemma2B,GRESt-AT-047,1,1,0,0
Model2_Finetuned_Gemma2B,GRESt-AT-048,2,0,0,2
Model2_Finetuned_Gemma2B,GRESt-AT-049,0,0,0,0
Model2_Finetuned_Gemma2B,GRESt-AT-050,1,0,1,0
Model2_Finetuned_Gemma2B,GRESt-AT-051,0,0,0,0
Model2_Finetuned_Gemma2B,GRESt-AT-052,1,0,1,0
Model2_Finetuned_Gemma2B,GRESt-AT-053,0,0,0,0
Model2_Finetuned_Gemma2B,GRESt-AT-054,0,0,0,0
Model2_Finetuned_Gemma2B,GRESt-AT-055,0,0,0,0
Model2_Finetuned_Gemma2B,GRESt-AT-056,0,0,0,0
Model2_Finetuned_Gemma2B,GRESt-AT-057,1,1,0,0
Model2_Finetuned_Gemma2B,GRESt-AT-058,1,1,0,0
Model2_Finetuned_Gemma2B,GRESt-AT-059,0,0,0,0
Model2_Finetuned_Gemma2B,GRESt-AT-060,0,0,0,0
Model2_Finetuned_Gemma2B,GRESt-AT-061,0,0,0,0
Model2_Finetuned_Gemma2B,GRESt-AT-062,0,0,0,0
Model2_Finetuned_Gemma2B,GRESt-AT-063,0,0,0,0
Model2_Finetuned_Gemma2B,GRESt-AT-064,0,0,0,0
Model2_Finetuned_Gemma2B,GRESt-AT-065,0,0,0,0
Model2_Finetuned_Gemma2B,GRESt-AT-066,0,0,0,0
Model2_Finetuned_Gemma2B,GRESt-AT-067,0,0,0,0
Model2_Finetuned_Gemma2B,GRESt-AT-068,0,0,0,0
Model2_Finetuned_Gemma2B,GRESt-AT-069,0,0,0,0
Model2_Finetuned_Gemma2B,GRESt-AT-070,3,2,0,1
Model2_Finetuned_Gemma2B,GRESt-AT-071,3,0,0,3
Model2_Finetuned_Gemma2B,GRESt-AT-072,0,0,0,0
Model2_Finetuned_Gemma2B,GRESt-AT-073,0,0,0,0
Model2_Finetuned_Gemma2B,GRESt-AT-074,0,0,0,0
Model2_Finetuned_Gemma2B,GRESt-AT-075,0,0,0,0
Model2_Finetuned_Gemma2B,GRESt-AT-076,2,0,0,2
Model2_Finetuned_Gemma2B,GRESt-AT-077,0,0,0,0
Model2_Finetuned_Gemma2B,GRESt-AT-078,3,0,0,3
Model2_Finetuned_Gemma2B,GRESt-AT-079,2,0,1,1
Model2_Finetuned_Gemma2B,GRESt-AT-080,1,1,0,0
Model2_Finetuned_Gemma2B,GRESt-AT-081,4,3,1,0
Model2_Finetuned_Gemma2B,VAT-INTL-001,0,0,0,0
Model2_Finetuned_Gemma2B,VAT-INTL-002,2,1,1,0
Model2_Finetuned_Gemma2B,VAT-INTL-003,1,1,0,0
Model2_Finetuned_Gemma2B,VAT-INTL-004,1,1,0,0
Model2_Finetuned_Gemma2B,VAT-INTL-005,2,2,0,0
Model2_Finetuned_Gemma2B,VAT-INTL-006,0,0,0,0
Model2_Finetuned_Gemma2B,VAT-INTL-007,0,0,0,0
Model2_Finetuned_Gemma2B,VAT-INTL-008,0,0,0,0
Model2_Finetuned_Gemma2B,VAT-INTL-009,0,0,0,0
Model2_Finetuned_Gemma2B,VAT-INTL-010,0,0,0,0
Model2_Finetuned_Gemma2B,VAT-INTL-011,3,3,0,0
Model2_Finetuned_Gemma2B,VAT-INTL-012,0,0,0,0
Model2_Finetuned_Gemma2B,VAT-INTL-013,0,0,0,0
Model2_Finetuned_Gemma2B,VAT-INTL-014,1,1,0,0
Model2_Finetuned_Gemma2B,VAT-INTL-015,0,0,0,0
Model2_Finetuned_Gemma2B,VAT-INTL-016,1,1,0,0
Model2_Finetuned_Gemma2B,VAT-INTL-017,2,1,1,0
Model2_Finetuned_Gemma2B,VAT-INTL-018,0,0,0,0
Model2_Finetuned_Gemma2B,VAT-INTL-019,0,0,0,0
Model2_Finetuned_Gemma2B,VAT-INTL-020,0,0,0,0
Model2_Finetuned_Gemma2B,VAT-INTL-021,1,1,0,0
Model2_Finetuned_Gemma2B,VAT-INTL-022,3,1,2,0
Model2_Finetuned_Gemma2B,VAT-INTL-023,0,0,0,0
Model2_Finetuned_Gemma2B,VAT-INTL-024,0,0,0,0
Model2_Finetuned_Gemma2B,VAT-INTL-025,1,1,0,0
Model2_Finetuned_Gemma2B,VAT-INTL-026,1,1,0,0
Model2_Finetuned_Gemma2B,VAT-INTL-027,0,0,0,0
Model2_Finetuned_Gemma2B,VAT-INTL-028,0,0,0,0
Model2_Finetuned_Gemma2B,VAT-INTL-029,0,0,0,0
Model2_Finetuned_Gemma2B,VAT-INTL-030,2,2,0,0
Model2_Finetuned_Gemma2B,VAT-INTL-031,0,0,0,0
Model2_Finetuned_Gemma2B,VAT-INTL-032,1,1,0,0
Model2_Finetuned_Gemma2B,VAT-INTL-033,0,0,0,0
Model2_Finetuned_Gemma2B,VAT-INTL-034,0,0,0,0
Model2_Finetuned_Gemma2B,VAT-INTL-035,3,3,0,0
Model2_Finetuned_Gemma2B,VAT-INTL-036,2,2,0,0
Model2_Finetuned_Gemma2B,VAT-INTL-037,0,0,0,0
Model2_Finetuned_Gemma2B,VAT-INTL-038,1,1,0,0
Model2_Finetuned_Gemma2B,VAT-INTL-039,0,0,0,0
Model2_Finetuned_Gemma2B,VAT-INTL-040,1,1,0,0
Model2_Finetuned_Gemma2B,VAT-INTL-041,0,0,0,0
Model2_Finetuned_Gemma2B,VAT-INTL-042,0,0,0,0
Model2_Finetuned_Gemma2B,VAT-INTL-043,0,0,0,0
Model2_Finetuned_Gemma2B,VAT-INTL-044,0,0,0,0
Model2_Finetuned_Gemma2B,VAT-INTL-045,0,0,0,0
Model2_Finetuned_Gemma2B,VAT-INTL-046,0,0,0,0
Model2_Finetuned_Gemma2B,VAT-INTL-047,2,0,2,0
Model2_Finetuned_Gemma2B,VAT-INTL-048,0,0,0,0
Model2_Finetuned_Gemma2B,VAT-INTL-049,2,2,0,0
Model2_Finetuned_Gemma2B,VAT-INTL-050,1,1,0,0
Model2_Finetuned_Gemma2B,VAT-INTL-051,1,1,0,0
Model2_Finetuned_Gemma2B,VAT-INTL-052,0,0,0,0
Model2_Finetuned_Gemma2B,VAT-INTL-053,3,3,0,0
Model2_Finetuned_Gemma2B,VAT-INTL-054,1,1,0,0
Model2_Finetuned_Gemma2B,VAT-INTL-055,1,0,1,0
Model2_Finetuned_Gemma2B,VAT-INTL-056,2,2,0,0
Model2_Finetuned_Gemma2B,VAT-INTL-057,2,2,0,0
Model2_Finetuned_Gemma2B,VAT-INTL-058,0,0,0,0
Model2_Finetuned_Gemma2B,VAT-INTL-059,0,0,0,0
Model2_Finetuned_Gemma2B,VAT-INTL-060,0,0,0,0
Model2_Finetuned_Gemma2B,VAT-INTL-061,1,1,0,0
Model2_Finetuned_Gemma2B,VAT-INTL-062,0,0,0,0
Model2_Finetuned_Gemma2B,VAT-INTL-063,0,0,0,0
Model2_Finetuned_Gemma2B,VAT-INTL-064,1,1,0,0
Model2_Finetuned_Gemma2B,VAT-INTL-065,0,0,0,0
Model2_Finetuned_Gemma2B,VAT-INTL-066,0,0,0,0
Model2_Finetuned_Gemma2B,VAT-INTL-067,0,0,0,0
Model2_Finetuned_Gemma2B,VAT-INTL-068,1,1,0,0
Model2_Finetuned_Gemma2B,VAT-INTL-069,1,1,0,0
Model2_Finetuned_Gemma2B,VAT-INTL-070,2,0,2,0
Model2_Finetuned_Gemma2B,VAT-INTL-071,0,0,0,0
Model2_Finetuned_Gemma2B,VAT-INTL-072,0,0,0,0
Model2_Finetuned_Gemma2B,VAT-INTL-073,0,0,0,0
Model2_Finetuned_Gemma2B,VAT-INTL-074,1,1,0,0
Model2_Finetuned_Gemma2B,VAT-INTL-075,0,0,0,0
Model2_Finetuned_Gemma2B,VAT-INTL-076,0,0,0,0
Model2_Finetuned_Gemma2B,VAT-INTL-077,0,0,0,0
Model2_Finetuned_Gemma2B,VAT-INTL-078,0,0,0,0
Model2_Finetuned_Gemma2B,VAT-INTL-079,0,0,0,0
Model2_Finetuned_Gemma2B,VAT-INTL-080,0,0,0,0
Model2_Finetuned_Gemma2B,VAT-INTL-081,0,0,0,0
Model2_Finetuned_Gemma2B,VAT-INTL-082,0,0,0,0
Model2_Finetuned_Gemma2B,ESTG27-001,0,0,0,0
Model2_Finetuned_Gemma2B,ESTG27-002,0,0,0,0
Model2_Finetuned_Gemma2B,ESTG27-003,2,2,0,0
Model2_Finetuned_Gemma2B,ESTG27-004,1,1,0,0
Model2_Finetuned_Gemma2B,ESTG27-005,2,2,0,0
Model2_Finetuned_Gemma2B,ESTG27-006,1,1,0,0
Model2_Finetuned_Gemma2B,ESTG27-007,2,2,0,0
Model2_Finetuned_Gemma2B,ESTG27-008,3,3,0,0
Model2_Finetuned_Gemma2B,ESTG27-009,4,4,0,0
Model2_Finetuned_Gemma2B,ESTG27-010,1,1,0,0
Model2_Finetuned_Gemma2B,ESTG27-011,1,1,0,0
Model2_Finetuned_Gemma2B,ESTG27-012,0,0,0,0
Model2_Finetuned_Gemma2B,ESTG27-013,2,2,0,0
Model2_Finetuned_Gemma2B,ESTG27-014,0,0,0,0
Model2_Finetuned_Gemma2B,ESTG27-017,4,4,0,0
Model2_Finetuned_Gemma2B,ESTG27-018,3,3,0,0
Model2_Finetuned_Gemma2B,ESTG27-019,4,4,0,0
Model2_Finetuned_Gemma2B,ESTG27-020,0,0,0,0
Model2_Finetuned_Gemma2B,ESTG27-021,3,3,0,0
Model2_Finetuned_Gemma2B,ESTG27-022,2,2,0,0
Model2_Finetuned_Gemma2B,ESTG27-023,0,0,0,0
Model2_Finetuned_Gemma2B,ESTG27-024,3,3,0,0
Model2_Finetuned_Gemma2B,ESTG27-025,3,3,0,0
Model2_Finetuned_Gemma2B,ESTG27-026,3,3,0,0
Model2_Finetuned_Gemma2B,ESTG27-027,1,0,0,1
Model2_Finetuned_Gemma2B,ESTG27-028,2,2,0,0
Model2_Finetuned_Gemma2B,ESTG27-029,1,1,0,0
Model2_Finetuned_Gemma2B,ESTG27-030,3,3,0,0
Model2_Finetuned_Gemma2B,ESTG27-031,1,1,0,0
Model2_Finetuned_Gemma2B,ESTG27-032,2,2,0,0
Model2_Finetuned_Gemma2B,ESTG27-033,3,3,0,0
Model2_Finetuned_Gemma2B,ESTG27-034,3,3,0,0
Model2_Finetuned_Gemma2B,ESTG27-035,4,4,0,0
Model2_Finetuned_Gemma2B,ESTG27-036,4,4,0,0
Model2_Finetuned_Gemma2B,ESTG27-037,0,0,0,0
Model2_Finetuned_Gemma2B,ESTG27-038,2,2,0,0
Model2_Finetuned_Gemma2B,ESTG27-039,1,1,0,0
Model2_Finetuned_Gemma2B,ESTG27-040,2,0,2,0
Model2_Finetuned_Gemma2B,EMP-001,0,0,0,0
Model2_Finetuned_Gemma2B,EMP-002,0,0,0,0
Model2_Finetuned_Gemma2B,EMP-003,4,4,0,0
Model2_Finetuned_Gemma2B,EMP-004,0,0,0,0
Model2_Finetuned_Gemma2B,EMP-005,0,0,0,0
Model2_Finetuned_Gemma2B,EMP-006,3,3,0,0
Model2_Finetuned_Gemma2B,EMP-007,3,3,0,0
Model2_Finetuned_Gemma2B,EMP-008,1,1,0,0
Model2_Finetuned_Gemma2B,EMP-009,4,4,0,0
Model2_Finetuned_Gemma2B,EMP-010,0,0,0,0
Model2_Finetuned_Gemma2B,EMP-011,5,5,0,0
Model2_Finetuned_Gemma2B,EMP-012,0,0,0,0
Model2_Finetuned_Gemma2B,EMP-013,0,0,0,0
Model2_Finetuned_Gemma2B,EMP-014,1,1,0,0
Model2_Finetuned_Gemma2B,EMP-015,2,2,0,0
Model2_Finetuned_Gemma2B,EMP-016,0,0,0,0
Model2_Finetuned_Gemma2B,EMP-017,1,1,0,0
Model2_Finetuned_Gemma2B,EMP-018,2,2,0,0
Model2_Finetuned_Gemma2B,EMP-019,3,3,0,0
Model2_Finetuned_Gemma2B,EMP-020,1,1,0,0
Model2_Finetuned_Gemma2B,EMP-021,1,1,0,0
Model2_Finetuned_Gemma2B,EMP-022,0,0,0,0
Model2_Finetuned_Gemma2B,EMP-023,0,0,0,0
Model2_Finetuned_Gemma2B,EMP-024,0,0,0,0
Model2_Finetuned_Gemma2B,EMP-025,0,0,0,0
Model2_Finetuned_Gemma2B,EMP-026,0,0,0,0
Model2_Finetuned_Gemma2B,EMP-027,1,0,1,0
Model2_Finetuned_Gemma2B,EMP-028,2,1,1,0
Model2_Finetuned_Gemma2B,EMP-029,1,1,0,0
Model2_Finetuned_Gemma2B,EMP-030,0,0,0,0
Model2_Finetuned_Gemma2B,EMP-031,1,1,0,0
Model2_Finetuned_Gemma2B,EMP-032,3,3,0,0
Model2_Finetuned_Gemma2B,EMP-033,0,0,0,0
Model2_Finetuned_Gemma2B,EMP-034,0,0,0,0
Model2_Finetuned_Gemma2B,EMP-035,0,0,0,0
Model2_Finetuned_Gemma2B,EMP-036,1,1,0,0
Model2_Finetuned_Gemma2B,EMP-037,3,3,0,0
Model2_Finetuned_Gemma2B,EMP-038,0,0,0,0
Model2_Finetuned_Gemma2B,EMP-039,2,1,1,0
Model2_Finetuned_Gemma2B,EMP-040,0,0,0,0
Model2_Finetuned_Gemma2B,EMP-041,0,0,0,0
Model2_Finetuned_Gemma2B,EMP-042,3,3,0,0
Model2_Finetuned_Gemma2B,EMP-043,2,2,0,0
Model2_Finetuned_Gemma2B,EMP-044,5,5,0,0
Model2_Finetuned_Gemma2B,EMP-045,2,1,1,0
Model2_Finetuned_Gemma2B,EMP-046,1,1,0,0
Model2_Finetuned_Gemma2B,EMP-047,5,5,0,0
Model2_Finetuned_Gemma2B,EMP-048,3,3,0,0
Model2_Finetuned_Gemma2B,EMP-049,4,4,0,0
Model2_Finetuned_Gemma2B,EMP-050,1,0,1,0
Model2_Finetuned_Gemma2B,EMP-051,0,0,0,0
Model2_Finetuned_Gemma2B,EMP-052,0,0,0,0
Model2_Finetuned_Gemma2B,EMP-053,1,0,1,0
Model2_Finetuned_Gemma2B,EMP-054,2,0,2,0
Model2_Finetuned_Gemma2B,EMP-055,1,1,0,0
Model2_Finetuned_Gemma2B,EMP-056,1,1,0,0
Model2_Finetuned_Gemma2B,EMP-057,0,0,0,0
Model2_Finetuned_Gemma2B,EMP-058,0,0,0,0
Model2_Finetuned_Gemma2B,EMP-059,3,3,0,0
Model2_Finetuned_Gemma2B,EMP-060,0,0,0,0
Model2_Finetuned_Gemma2B,EStG-23-001,0,0,0,0
Model2_Finetuned_Gemma2B,EStG-23-002,0,0,0,0
Model2_Finetuned_Gemma2B,EStG-23-003,1,1,0,0
Model2_Finetuned_Gemma2B,EStG-23-004,4,4,0,0
Model2_Finetuned_Gemma2B,EStG-23-005,3,3,0,0
Model2_Finetuned_Gemma2B,EStG-23-006,4,4,0,0
Model2_Finetuned_Gemma2B,EStG-23-007,2,2,0,0
Model2_Finetuned_Gemma2B,EStG-23-008,3,3,0,0
Model2_Finetuned_Gemma2B,EStG-23-009,2,2,0,0
Model2_Finetuned_Gemma2B,EStG-23-010,0,0,0,0
Model2_Finetuned_Gemma2B,EStG-23-011,3,3,0,0
Model2_Finetuned_Gemma2B,EStG-23-012,2,2,0,0
Model2_Finetuned_Gemma2B,EStG-23-013,5,5,0,0
Model2_Finetuned_Gemma2B,EStG-23-014,3,3,0,0
Model2_Finetuned_Gemma2B,EStG-23-015,0,0,0,0
Model2_Finetuned_Gemma2B,EStG-23-016,3,3,0,0
Model2_Finetuned_Gemma2B,EStG-23-017,2,2,0,0
Model2_Finetuned_Gemma2B,EStG-23-018,2,2,0,0
Model2_Finetuned_Gemma2B,EStG-23-019,5,5,0,0
Model2_Finetuned_Gemma2B,EStG-23-020,1,1,0,0
Model2_Finetuned_Gemma2B,EStG-23-021,1,1,0,0
Model2_Finetuned_Gemma2B,EStG-23-022,0,0,0,0
Model2_Finetuned_Gemma2B,EStG-23-023,1,1,0,0
Model2_Finetuned_Gemma2B,EStG-23-024,2,2,0,0
Model2_Finetuned_Gemma2B,EStG-23-025,5,5,0,0
Model2_Finetuned_Gemma2B,EStG-23-026,0,0,0,0
Model2_Finetuned_Gemma2B,EStG-23-027,3,3,0,0
Model2_Finetuned_Gemma2B,EStG-23-028,4,2,2,0
Model2_Finetuned_Gemma2B,EStG-23-029,0,0,0,0
Model2_Finetuned_Gemma2B,EStG-23-030,4,4,0,0
Model2_Finetuned_Gemma2B,EStG-23-031,1,1,0,0
Model2_Finetuned_Gemma2B,EStG-23-032,3,3,0,0
Model2_Finetuned_Gemma2B,EStG-23-033,1,1,0,0
Model2_Finetuned_Gemma2B,EStG-23-034,1,0,0,1
Model2_Finetuned_Gemma2B,EStG-23-035,4,4,0,0
Model2_Finetuned_Gemma2B,EStG-23-036,1,1,0,0
Model2_Finetuned_Gemma2B,EStG-23-037,4,3,1,0
Model2_Finetuned_Gemma2B,EStG-23-038,1,1,0,0
Model2_Finetuned_Gemma2B,EStG-23-039,0,0,0,0
Model2_Finetuned_Gemma2B,EStG-23-040,3,3,0,0
Model2_Finetuned_Gemma2B,EStG-23-041,0,0,0,0
Model2_Finetuned_Gemma2B,EStG-23-042,0,0,0,0
Model2_Finetuned_Gemma2B,EStG-23-043,0,0,0,0
Model2_Finetuned_Gemma2B,EStG-23-044,0,0,0,0
Model2_Finetuned_Gemma2B,EStG-23-045,3,3,0,0
Model2_Finetuned_Gemma2B,EStG-23-046,1,1,0,0
Model2_Finetuned_Gemma2B,EStG-23-047,3,3,0,0
Model2_Finetuned_Gemma2B,EStG-23-048,1,1,0,0
Model2_Finetuned_Gemma2B,EStG-23-049,0,0,0,0
Model2_Finetuned_Gemma2B,EStG-23-050,3,3,0,0
Model2_Finetuned_Gemma2B,EStG-23-051,1,1,0,0
Model2_Finetuned_Gemma2B,EStG-23-052,2,2,0,0
Model2_Finetuned_Gemma2B,EStG-23-053,0,0,0,0
Model2_Finetuned_Gemma2B,EStG-23-054,0,0,0,0
Model2_Finetuned_Gemma2B,EStG-23-055,0,0,0,0
Model2_Finetuned_Gemma2B,EStG-23-056,0,0,0,0
Model2_Finetuned_Gemma2B,EStG-23-057,1,1,0,0
Model2_Finetuned_Gemma2B,EStG-23-058,1,1,0,0
Model2_Finetuned_Gemma2B,EStG-23-059,1,1,0,0
Model2_Finetuned_Gemma2B,EStG-23-060,1,1,0,0
Model2_Finetuned_Gemma2B,SELF-001,0,0,0,0
Model2_Finetuned_Gemma2B,SELF-002,0,0,0,0
Model2_Finetuned_Gemma2B,SELF-003,0,0,0,0
Model2_Finetuned_Gemma2B,SELF-004,0,0,0,0
Model2_Finetuned_Gemma2B,SELF-005,0,0,0,0
Model2_Finetuned_Gemma2B,SELF-006,0,0,0,0
Model2_Finetuned_Gemma2B,SELF-007,0,0,0,0
Model2_Finetuned_Gemma2B,SELF-008,0,0,0,0
Model2_Finetuned_Gemma2B,SELF-009,0,0,0,0
Model2_Finetuned_Gemma2B,SELF-010,0,0,0,0
Model2_Finetuned_Gemma2B,SELF-011,0,0,0,0
Model2_Finetuned_Gemma2B,SELF-012,0,0,0,0
Model2_Finetuned_Gemma2B,SELF-013,0,0,0,0
Model2_Finetuned_Gemma2B,SELF-014,1,1,0,0
Model2_Finetuned_Gemma2B,SELF-015,0,0,0,0
Model2_Finetuned_Gemma2B,SELF-016,0,0,0,0
Model2_Finetuned_Gemma2B,SELF-017,0,0,0,0
Model2_Finetuned_Gemma2B,SELF-018,0,0,0,0
Model2_Finetuned_Gemma2B,SELF-019,2,2,0,0
Model2_Finetuned_Gemma2B,SELF-020,0,0,0,0
Model2_Finetuned_Gemma2B,SELF-021,0,0,0,0
Model2_Finetuned_Gemma2B,SELF-022,0,0,0,0
Model2_Finetuned_Gemma2B,SELF-023,0,0,0,0
Model2_Finetuned_Gemma2B,SELF-024,0,0,0,0
Model2_Finetuned_Gemma2B,SELF-025,0,0,0,0
Model2_Finetuned_Gemma2B,SELF-026,2,2,0,0
Model2_Finetuned_Gemma2B,SELF-027,0,0,0,0
Model2_Finetuned_Gemma2B,SELF-028,0,0,0,0
Model2_Finetuned_Gemma2B,SELF-029,0,0,0,0
Model2_Finetuned_Gemma2B,SELF-030,1,1,0,0
Model2_Finetuned_Gemma2B,SELF-031,0,0,0,0
Model2_Finetuned_Gemma2B,SELF-032,0,0,0,0
Model2_Finetuned_Gemma2B,SELF-033,0,0,0,0
Model2_Finetuned_Gemma2B,SELF-034,2,2,0,0
Model2_Finetuned_Gemma2B,SELF-035,0,0,0,0
Model2_Finetuned_Gemma2B,SELF-036,0,0,0,0
Model2_Finetuned_Gemma2B,SELF-037,0,0,0,0
Model2_Finetuned_Gemma2B,SELF-038,0,0,0,0
Model2_Finetuned_Gemma2B,SELF-039,0,0,0,0
Model2_Finetuned_Gemma2B,SELF-040,1,1,0,0
Model2_Finetuned_Gemma2B,SELF-041,2,2,0,0
Model2_Finetuned_Gemma2B,SELF-042,2,2,0,0
Model2_Finetuned_Gemma2B,SELF-043,4,4,0,0
Model2_Finetuned_Gemma2B,SELF-044,1,1,0,0
Model2_Finetuned_Gemma2B,SELF-045,3,3,0,0
Model2_Finetuned_Gemma2B,SELF-046,1,1,0,0
Model2_Finetuned_Gemma2B,SELF-047,0,0,0,0
Model2_Finetuned_Gemma2B,SELF-048,0,0,0,0
Model2_Finetuned_Gemma2B,SELF-049,2,0,0,2
Model2_Finetuned_Gemma2B,SELF-050,0,0,0,0
Model2_Finetuned_Gemma2B,SELF-051,0,0,0,0
Model2_Finetuned_Gemma2B,SELF-052,1,0,0,1
Model2_Finetuned_Gemma2B,SELF-053,1,0,0,1
Model2_Finetuned_Gemma2B,SELF-054,2,2,0,0
Model2_Finetuned_Gemma2B,SELF-055,3,3,0,0
Model2_Finetuned_Gemma2B,SELF-056,1,1,0,0
Model2_Finetuned_Gemma2B,SELF-057,2,2,0,0
Model2_Finetuned_Gemma2B,SELF-058,2,2,0,0
Model2_Finetuned_Gemma2B,SELF-059,1,1,0,0
Model2_Finetuned_Gemma2B,SELF-060,1,1,0,0
Model2_Finetuned_Gemma2B,SELF-061,2,0,0,2
Model2_Finetuned_Gemma2B,SELF-062,4,0,0,4
Model2_Finetuned_Gemma2B,SELF-063,0,0,0,0
Model2_Finetuned_Gemma2B,SELF-064,0,0,0,0
Model2_Finetuned_Gemma2B,SELF-065,0,0,0,0
Model2_Finetuned_Gemma2B,SELF-066,1,1,0,0
Model2_Finetuned_Gemma2B,SELF-067,0,0,0,0
Model2_Finetuned_Gemma2B,SELF-068,0,0,0,0
Model2_Finetuned_Gemma2B,SELF-069,0,0,0,0
Model2_Finetuned_Gemma2B,SELF-070,0,0,0,0
Model2_Finetuned_Gemma2B,SELF-071,0,0,0,0
Model2_Finetuned_Gemma2B,SELF-072,0,0,0,0
Model2_Finetuned_Gemma2B,SELF-073,0,0,0,0
Model2_Finetuned_Gemma2B,SELF-074,0,0,0,0
Model2_Finetuned_Gemma2B,SELF-075,0,0,0,0
Model2_Finetuned_Gemma2B,SELF-076,0,0,0,0
Model2_Finetuned_Gemma2B,SELF-077,1,1,0,0
Model2_Finetuned_Gemma2B,SELF-078,0,0,0,0
Model2_Finetuned_Gemma2B,SELF-079,0,0,0,0
Model2_Finetuned_Gemma2B,SELF-080,0,0,0,0
Model2_Finetuned_Gemma2B,SELF-081,0,0,0,0
Model2_Finetuned_Gemma2B,SELF-082,0,0,0,0
Model3_RAG_Gemma2B,CORP-TAX-001,1,1,0,0
Model3_RAG_Gemma2B,CORP-TAX-002,2,2,0,0
Model3_RAG_Gemma2B,CORP-TAX-003,3,3,0,0
Model3_RAG_Gemma2B,CORP-TAX-004,2,2,0,0
Model3_RAG_Gemma2B,CORP-TAX-005,0,0,0,0
Model3_RAG_Gemma2B,CORP-TAX-006,0,0,0,0
Model3_RAG_Gemma2B,CORP-TAX-007,1,1,0,0
Model3_RAG_Gemma2B,CORP-TAX-008,1,1,0,0
Model3_RAG_Gemma2B,CORP-TAX-009,0,0,0,0
Model3_RAG_Gemma2B,CORP-TAX-010,1,1,0,0
Model3_RAG_Gemma2B,CORP-TAX-011,1,1,0,0
Model3_RAG_Gemma2B,CORP-TAX-012,0,0,0,0
Model3_RAG_Gemma2B,CORP-TAX-013,4,4,0,0
Model3_RAG_Gemma2B,CORP-TAX-014,6,6,0,0
Model3_RAG_Gemma2B,CORP-TAX-015,5,5,0,0
Model3_RAG_Gemma2B,CORP-TAX-016,2,2,0,0
Model3_RAG_Gemma2B,CORP-TAX-017,6,6,0,0
Model3_RAG_Gemma2B,CORP-TAX-018,1,1,0,0
Model3_RAG_Gemma2B,CORP-TAX-019,1,1,0,0
Model3_RAG_Gemma2B,CORP-TAX-020,0,0,0,0
Model3_RAG_Gemma2B,CORP-TAX-021,1,1,0,0
Model3_RAG_Gemma2B,CORP-TAX-022,6,6,0,0
Model3_RAG_Gemma2B,CORP-TAX-023,4,4,0,0
Model3_RAG_Gemma2B,CORP-TAX-024,2,2,0,0
Model3_RAG_Gemma2B,CORP-TAX-025,3,3,0,0
Model3_RAG_Gemma2B,CORP-TAX-026,4,4,0,0
Model3_RAG_Gemma2B,CORP-TAX-027,4,4,0,0
Model3_RAG_Gemma2B,CORP-TAX-028,1,1,0,0
Model3_RAG_Gemma2B,CORP-TAX-029,1,1,0,0
Model3_RAG_Gemma2B,CORP-TAX-030,1,1,0,0
Model3_RAG_Gemma2B,CORP-TAX-031,1,1,0,0
Model3_RAG_Gemma2B,CORP-TAX-032,2,2,0,0
Model3_RAG_Gemma2B,CORP-TAX-033,1,1,0,0
Model3_RAG_Gemma2B,CORP-TAX-034,2,2,0,0
Model3_RAG_Gemma2B,CORP-TAX-035,2,2,0,0
Model3_RAG_Gemma2B,CORP-TAX-036,1,1,0,0
Model3_RAG_Gemma2B,CORP-TAX-037,1,1,0,0
Model3_RAG_Gemma2B,CORP-TAX-038,1,1,0,0
Model3_RAG_Gemma2B,CORP-TAX-039,1,1,0,0
Model3_RAG_Gemma2B,CORP-TAX-040,1,1,0,0
Model3_RAG_Gemma2B,CORP-TAX-041,3,3,0,0
Model3_RAG_Gemma2B,CORP-TAX-042,1,1,0,0
Model3_RAG_Gemma2B,CORP-TAX-043,5,5,0,0
Model3_RAG_Gemma2B,CORP-TAX-044,1,1,0,0
Model3_RAG_Gemma2B,CORP-TAX-045,4,4,0,0
Model3_RAG_Gemma2B,CORP-TAX-046,4,4,0,0
Model3_RAG_Gemma2B,CORP-TAX-047,0,0,0,0
Model3_RAG_Gemma2B,CORP-TAX-048,3,3,0,0
Model3_RAG_Gemma2B,CORP-TAX-049,3,3,0,0
Model3_RAG_Gemma2B,CORP-TAX-050,0,0,0,0
Model3_RAG_Gemma2B,CORP-TAX-051,3,3,0,0
Model3_RAG_Gemma2B,CORP-TAX-052,3,3,0,0
Model3_RAG_Gemma2B,CORP-TAX-053,1,1,0,0
Model3_RAG_Gemma2B,CORP-TAX-054,2,2,0,0
Model3_RAG_Gemma2B,CORP-TAX-055,0,0,0,0
Model3_RAG_Gemma2B,CORP-TAX-056,4,4,0,0
Model3_RAG_Gemma2B,CORP-TAX-057,1,1,0,0
Model3_RAG_Gemma2B,CORP-TAX-058,3,3,0,0
Model3_RAG_Gemma2B,CORP-TAX-059,2,2,0,0
Model3_RAG_Gemma2B,CORP-TAX-060,4,4,0,0
Model3_RAG_Gemma2B,TAX-INTL-001,0,0,0,0
Model3_RAG_Gemma2B,TAX-INTL-002,1,1,0,0
Model3_RAG_Gemma2B,TAX-INTL-003,3,3,0,0
Model3_RAG_Gemma2B,TAX-INTL-004,0,0,0,0
Model3_RAG_Gemma2B,TAX-INTL-005,2,2,0,0
Model3_RAG_Gemma2B,TAX-INTL-006,2,2,0,0
Model3_RAG_Gemma2B,TAX-INTL-007,0,0,0,0
Model3_RAG_Gemma2B,TAX-INTL-008,2,2,0,0
Model3_RAG_Gemma2B,TAX-INTL-009,3,3,0,0
Model3_RAG_Gemma2B,TAX-INTL-010,0,0,0,0
Model3_RAG_Gemma2B,TAX-INTL-011,0,0,0,0
Model3_RAG_Gemma2B,TAX-INTL-012,0,0,0,0
Model3_RAG_Gemma2B,TAX-INTL-013,2,2,0,0
Model3_RAG_Gemma2B,TAX-INTL-014,0,0,0,0
Model3_RAG_Gemma2B,TAX-INTL-015,4,4,0,0
Model3_RAG_Gemma2B,TAX-INTL-016,0,0,0,0
Model3_RAG_Gemma2B,TAX-INTL-017,0,0,0,0
Model3_RAG_Gemma2B,TAX-INTL-018,4,4,0,0
Model3_RAG_Gemma2B,TAX-INTL-019,3,3,0,0
Model3_RAG_Gemma2B,TAX-INTL-020,1,1,0,0
Model3_RAG_Gemma2B,TAX-INTL-021,2,2,0,0
Model3_RAG_Gemma2B,TAX-INTL-022,4,4,0,0
Model3_RAG_Gemma2B,TAX-INTL-023,3,3,0,0
Model3_RAG_Gemma2B,TAX-INTL-024,2,2,0,0
Model3_RAG_Gemma2B,TAX-INTL-025,2,2,0,0
Model3_RAG_Gemma2B,TAX-INTL-026,0,0,0,0
Model3_RAG_Gemma2B,TAX-INTL-027,2,2,0,0
Model3_RAG_Gemma2B,TAX-INTL-028,1,1,0,0
Model3_RAG_Gemma2B,TAX-INTL-029,4,4,0,0
Model3_RAG_Gemma2B,TAX-INTL-030,3,3,0,0
Model3_RAG_Gemma2B,TAX-INTL-031,1,1,0,0
Model3_RAG_Gemma2B,TAX-INTL-032,2,2,0,0
Model3_RAG_Gemma2B,TAX-INTL-033,2,2,0,0
Model3_RAG_Gemma2B,TAX-INTL-034,3,3,0,0
Model3_RAG_Gemma2B,TAX-INTL-035,3,3,0,0
Model3_RAG_Gemma2B,TAX-INTL-036,3,3,0,0
Model3_RAG_Gemma2B,TAX-INTL-037,3,3,0,0
Model3_RAG_Gemma2B,TAX-INTL-038,2,2,0,0
Model3_RAG_Gemma2B,TAX-INTL-039,1,1,0,0
Model3_RAG_Gemma2B,TAX-INTL-040,5,5,0,0
Model3_RAG_Gemma2B,TAX-INTL-041,0,0,0,0
Model3_RAG_Gemma2B,TAX-INTL-042,1,1,0,0
Model3_RAG_Gemma2B,TAX-INTL-043,0,0,0,0
Model3_RAG_Gemma2B,TAX-INTL-044,1,0,0,1
Model3_RAG_Gemma2B,TAX-INTL-045,0,0,0,0
Model3_RAG_Gemma2B,TAX-INTL-046,2,2,0,0
Model3_RAG_Gemma2B,TAX-INTL-047,0,0,0,0
Model3_RAG_Gemma2B,TAX-INTL-048,0,0,0,0
Model3_RAG_Gemma2B,TAX-INTL-049,0,0,0,0
Model3_RAG_Gemma2B,TAX-INTL-050,2,2,0,0
Model3_RAG_Gemma2B,TAX-INTL-051,3,3,0,0
Model3_RAG_Gemma2B,TAX-INTL-052,2,2,0,0
Model3_RAG_Gemma2B,TAX-INTL-053,0,0,0,0
Model3_RAG_Gemma2B,TAX-INTL-054,2,2,0,0
Model3_RAG_Gemma2B,TAX-INTL-055,4,4,0,0
Model3_RAG_Gemma2B,TAX-INTL-056,1,1,0,0
Model3_RAG_Gemma2B,TAX-INTL-057,2,2,0,0
Model3_RAG_Gemma2B,TAX-INTL-058,3,3,0,0
Model3_RAG_Gemma2B,TAX-INTL-059,2,2,0,0
Model3_RAG_Gemma2B,TAX-INTL-060,3,3,0,0
Model3_RAG_Gemma2B,TAX-INTL-061,1,1,0,0
Model3_RAG_Gemma2B,TAX-INTL-062,2,2,0,0
Model3_RAG_Gemma2B,TAX-INTL-063,2,2,0,0
Model3_RAG_Gemma2B,TAX-INTL-064,2,2,0,0
Model3_RAG_Gemma2B,TAX-INTL-065,4,4,0,0
Model3_RAG_Gemma2B,TAX-INTL-066,1,1,0,0
Model3_RAG_Gemma2B,TAX-INTL-067,1,1,0,0
Model3_RAG_Gemma2B,TAX-INTL-068,5,5,0,0
Model3_RAG_Gemma2B,TAX-INTL-069,3,3,0,0
Model3_RAG_Gemma2B,TAX-INTL-070,0,0,0,0
Model3_RAG_Gemma2B,TAX-INTL-071,0,0,0,0
Model3_RAG_Gemma2B,TAX-INTL-072,0,0,0,0
Model3_RAG_Gemma2B,TAX-INTL-073,3,3,0,0
Model3_RAG_Gemma2B,TAX-INTL-074,0,0,0,0
Model3_RAG_Gemma2B,TAX-INTL-075,0,0,0,0
Model3_RAG_Gemma2B,TAX-INTL-076,4,4,0,0
Model3_RAG_Gemma2B,TAX-INTL-077,2,2,0,0
Model3_RAG_Gemma2B,TAX-INTL-078,2,2,0,0
Model3_RAG_Gemma2B,TAX-INTL-079,0,0,0,0
Model3_RAG_Gemma2B,TAX-INTL-080,1,1,0,0
Model3_RAG_Gemma2B,ESTG-NEW-001,0,0,0,0
Model3_RAG_Gemma2B,ESTG-NEW-002,4,4,0,0
Model3_RAG_Gemma2B,ESTG-NEW-003,0,0,0,0
Model3_RAG_Gemma2B,ESTG-NEW-004,0,0,0,0
Model3_RAG_Gemma2B,ESTG-NEW-005,0,0,0,0
Model3_RAG_Gemma2B,ESTG-NEW-006,0,0,0,0
Model3_RAG_Gemma2B,ESTG-NEW-007,1,1,0,0
Model3_RAG_Gemma2B,ESTG-NEW-008,2,2,0,0
Model3_RAG_Gemma2B,ESTG-NEW-009,0,0,0,0
Model3_RAG_Gemma2B,ESTG-NEW-010,0,0,0,0
Model3_RAG_Gemma2B,ESTG-NEW-011,1,1,0,0
Model3_RAG_Gemma2B,ESTG-NEW-012,1,1,0,0
Model3_RAG_Gemma2B,ESTG-NEW-013,0,0,0,0
Model3_RAG_Gemma2B,ESTG-NEW-014,0,0,0,0
Model3_RAG_Gemma2B,ESTG-NEW-015,1,1,0,0
Model3_RAG_Gemma2B,ESTG-NEW-016,1,1,0,0
Model3_RAG_Gemma2B,ESTG-NEW-017,2,2,0,0
Model3_RAG_Gemma2B,ESTG-NEW-018,4,4,0,0
Model3_RAG_Gemma2B,ESTG-NEW-019,0,0,0,0
Model3_RAG_Gemma2B,ESTG-NEW-020,0,0,0,0
Model3_RAG_Gemma2B,VAT-DOM-001,1,1,0,0
Model3_RAG_Gemma2B,VAT-DOM-002,2,2,0,0
Model3_RAG_Gemma2B,VAT-DOM-003,0,0,0,0
Model3_RAG_Gemma2B,VAT-DOM-004,0,0,0,0
Model3_RAG_Gemma2B,VAT-DOM-005,0,0,0,0
Model3_RAG_Gemma2B,VAT-DOM-006,0,0,0,0
Model3_RAG_Gemma2B,VAT-DOM-007,0,0,0,0
Model3_RAG_Gemma2B,VAT-DOM-008,0,0,0,0
Model3_RAG_Gemma2B,VAT-DOM-009,0,0,0,0
Model3_RAG_Gemma2B,VAT-DOM-010,2,2,0,0
Model3_RAG_Gemma2B,VAT-DOM-011,2,2,0,0
Model3_RAG_Gemma2B,VAT-DOM-012,1,1,0,0
Model3_RAG_Gemma2B,VAT-DOM-013,0,0,0,0
Model3_RAG_Gemma2B,VAT-DOM-014,0,0,0,0
Model3_RAG_Gemma2B,VAT-DOM-015,0,0,0,0
Model3_RAG_Gemma2B,VAT-DOM-016,0,0,0,0
Model3_RAG_Gemma2B,VAT-DOM-017,4,4,0,0
Model3_RAG_Gemma2B,VAT-DOM-018,0,0,0,0
Model3_RAG_Gemma2B,VAT-DOM-019,4,4,0,0
Model3_RAG_Gemma2B,VAT-DOM-020,5,5,0,0
Model3_RAG_Gemma2B,VAT-DOM-021,1,1,0,0
Model3_RAG_Gemma2B,VAT-DOM-022,3,3,0,0
Model3_RAG_Gemma2B,VAT-DOM-023,4,4,0,0
Model3_RAG_Gemma2B,VAT-DOM-024,0,0,0,0
Model3_RAG_Gemma2B,VAT-DOM-025,2,2,0,0
Model3_RAG_Gemma2B,VAT-DOM-026,3,3,0,0
Model3_RAG_Gemma2B,VAT-DOM-027,3,3,0,0
Model3_RAG_Gemma2B,VAT-DOM-028,0,0,0,0
Model3_RAG_Gemma2B,VAT-DOM-029,0,0,0,0
Model3_RAG_Gemma2B,VAT-DOM-030,3,3,0,0
Model3_RAG_Gemma2B,VAT-DOM-031,0,0,0,0
Model3_RAG_Gemma2B,VAT-DOM-032,5,5,0,0
Model3_RAG_Gemma2B,VAT-DOM-033,2,2,0,0
Model3_RAG_Gemma2B,VAT-DOM-034,1,1,0,0
Model3_RAG_Gemma2B,VAT-DOM-035,4,4,0,0
Model3_RAG_Gemma2B,VAT-DOM-036,2,2,0,0
Model3_RAG_Gemma2B,VAT-DOM-037,2,2,0,0
Model3_RAG_Gemma2B,VAT-DOM-038,2,2,0,0
Model3_RAG_Gemma2B,VAT-DOM-039,3,3,0,0
Model3_RAG_Gemma2B,VAT-DOM-040,1,1,0,0
Model3_RAG_Gemma2B,VAT-DOM-041,2,2,0,0
Model3_RAG_Gemma2B,VAT-DOM-042,2,2,0,0
Model3_RAG_Gemma2B,VAT-DOM-043,2,2,0,0
Model3_RAG_Gemma2B,VAT-DOM-044,2,2,0,0
Model3_RAG_Gemma2B,VAT-DOM-045,1,1,0,0
Model3_RAG_Gemma2B,VAT-DOM-046,0,0,0,0
Model3_RAG_Gemma2B,VAT-DOM-047,0,0,0,0
Model3_RAG_Gemma2B,VAT-DOM-048,3,3,0,0
Model3_RAG_Gemma2B,VAT-DOM-049,2,2,0,0
Model3_RAG_Gemma2B,VAT-DOM-050,3,3,0,0
Model3_RAG_Gemma2B,VAT-DOM-051,7,7,0,0
Model3_RAG_Gemma2B,VAT-DOM-052,4,3,0,1
Model3_RAG_Gemma2B,VAT-DOM-053,1,1,0,0
Model3_RAG_Gemma2B,VAT-DOM-054,2,2,0,0
Model3_RAG_Gemma2B,VAT-DOM-055,0,0,0,0
Model3_RAG_Gemma2B,VAT-DOM-056,0,0,0,0
Model3_RAG_Gemma2B,VAT-DOM-057,2,2,0,0
Model3_RAG_Gemma2B,VAT-DOM-058,1,1,0,0
Model3_RAG_Gemma2B,VAT-DOM-059,1,1,0,0
Model3_RAG_Gemma2B,VAT-DOM-060,1,1,0,0
Model3_RAG_Gemma2B,VAT-DOM-061,0,0,0,0
Model3_RAG_Gemma2B,VAT-DOM-062,2,2,0,0
Model3_RAG_Gemma2B,VAT-DOM-063,1,1,0,0
Model3_RAG_Gemma2B,VAT-DOM-064,1,1,0,0
Model3_RAG_Gemma2B,VAT-DOM-065,1,1,0,0
Model3_RAG_Gemma2B,VAT-DOM-066,2,2,0,0
Model3_RAG_Gemma2B,VAT-DOM-067,2,2,0,0
Model3_RAG_Gemma2B,VAT-DOM-068,5,5,0,0
Model3_RAG_Gemma2B,VAT-DOM-069,2,2,0,0
Model3_RAG_Gemma2B,VAT-DOM-070,1,1,0,0
Model3_RAG_Gemma2B,VAT-DOM-071,6,6,0,0
Model3_RAG_Gemma2B,VAT-DOM-072,0,0,0,0
Model3_RAG_Gemma2B,VAT-DOM-073,0,0,0,0
Model3_RAG_Gemma2B,VAT-DOM-074,0,0,0,0
Model3_RAG_Gemma2B,VAT-DOM-075,1,1,0,0
Model3_RAG_Gemma2B,VAT-DOM-076,0,0,0,0
Model3_RAG_Gemma2B,VAT-DOM-077,1,1,0,0
Model3_RAG_Gemma2B,VAT-DOM-078,5,5,0,0
Model3_RAG_Gemma2B,VAT-DOM-079,0,0,0,0
Model3_RAG_Gemma2B,VAT-DOM-080,3,3,0,0
Model3_RAG_Gemma2B,GRESt-AT-001,1,1,0,0
Model3_RAG_Gemma2B,GRESt-AT-002,0,0,0,0
Model3_RAG_Gemma2B,GRESt-AT-003,1,1,0,0
Model3_RAG_Gemma2B,GRESt-AT-004,1,1,0,0
Model3_RAG_Gemma2B,GRESt-AT-005,1,1,0,0
Model3_RAG_Gemma2B,GRESt-AT-006,1,1,0,0
Model3_RAG_Gemma2B,GRESt-AT-007,2,2,0,0
Model3_RAG_Gemma2B,GRESt-AT-008,0,0,0,0
Model3_RAG_Gemma2B,GRESt-AT-009,0,0,0,0
Model3_RAG_Gemma2B,GRESt-AT-010,0,0,0,0
Model3_RAG_Gemma2B,GRESt-AT-011,2,2,0,0
Model3_RAG_Gemma2B,GRESt-AT-012,0,0,0,0
Model3_RAG_Gemma2B,GRESt-AT-013,3,3,0,0
Model3_RAG_Gemma2B,GRESt-AT-014,1,1,0,0
Model3_RAG_Gemma2B,GRESt-AT-015,4,4,0,0
Model3_RAG_Gemma2B,GRESt-AT-016,2,2,0,0
Model3_RAG_Gemma2B,GRESt-AT-017,0,0,0,0
Model3_RAG_Gemma2B,GRESt-AT-018,1,1,0,0
Model3_RAG_Gemma2B,GRESt-AT-019,0,0,0,0
Model3_RAG_Gemma2B,GRESt-AT-020,1,1,0,0
Model3_RAG_Gemma2B,GRESt-AT-021,0,0,0,0
Model3_RAG_Gemma2B,GRESt-AT-022,1,1,0,0
Model3_RAG_Gemma2B,GRESt-AT-023,2,2,0,0
Model3_RAG_Gemma2B,GRESt-AT-024,1,1,0,0
Model3_RAG_Gemma2B,GRESt-AT-025,1,1,0,0
Model3_RAG_Gemma2B,GRESt-AT-026,0,0,0,0
Model3_RAG_Gemma2B,GRESt-AT-027,0,0,0,0
Model3_RAG_Gemma2B,GRESt-AT-028,0,0,0,0
Model3_RAG_Gemma2B,GRESt-AT-029,2,2,0,0
Model3_RAG_Gemma2B,GRESt-AT-030,0,0,0,0
Model3_RAG_Gemma2B,GRESt-AT-031,1,1,0,0
Model3_RAG_Gemma2B,GRESt-AT-032,0,0,0,0
Model3_RAG_Gemma2B,GRESt-AT-033,3,3,0,0
Model3_RAG_Gemma2B,GRESt-AT-034,2,2,0,0
Model3_RAG_Gemma2B,GRESt-AT-035,0,0,0,0
Model3_RAG_Gemma2B,GRESt-AT-036,2,2,0,0
Model3_RAG_Gemma2B,GRESt-AT-037,0,0,0,0
Model3_RAG_Gemma2B,GRESt-AT-038,1,1,0,0
Model3_RAG_Gemma2B,GRESt-AT-039,0,0,0,0
Model3_RAG_Gemma2B,GRESt-AT-040,1,1,0,0
Model3_RAG_Gemma2B,GRESt-AT-041,4,4,0,0
Model3_RAG_Gemma2B,GRESt-AT-042,1,1,0,0
Model3_RAG_Gemma2B,GRESt-AT-043,0,0,0,0
Model3_RAG_Gemma2B,GRESt-AT-044,1,1,0,0
Model3_RAG_Gemma2B,GRESt-AT-045,2,2,0,0
Model3_RAG_Gemma2B,GRESt-AT-046,1,1,0,0
Model3_RAG_Gemma2B,GRESt-AT-047,0,0,0,0
Model3_RAG_Gemma2B,GRESt-AT-048,0,0,0,0
Model3_RAG_Gemma2B,GRESt-AT-049,0,0,0,0
Model3_RAG_Gemma2B,GRESt-AT-050,0,0,0,0
Model3_RAG_Gemma2B,GRESt-AT-051,0,0,0,0
Model3_RAG_Gemma2B,GRESt-AT-052,0,0,0,0
Model3_RAG_Gemma2B,GRESt-AT-053,0,0,0,0
Model3_RAG_Gemma2B,GRESt-AT-054,2,2,0,0
Model3_RAG_Gemma2B,GRESt-AT-055,0,0,0,0
Model3_RAG_Gemma2B,GRESt-AT-056,0,0,0,0
Model3_RAG_Gemma2B,GRESt-AT-057,0,0,0,0
Model3_RAG_Gemma2B,GRESt-AT-058,2,2,0,0
Model3_RAG_Gemma2B,GRESt-AT-059,1,1,0,0
Model3_RAG_Gemma2B,GRESt-AT-060,1,1,0,0
Model3_RAG_Gemma2B,GRESt-AT-061,1,0,0,1
Model3_RAG_Gemma2B,GRESt-AT-062,1,1,0,0
Model3_RAG_Gemma2B,GRESt-AT-063,3,3,0,0
Model3_RAG_Gemma2B,GRESt-AT-064,0,0,0,0
Model3_RAG_Gemma2B,GRESt-AT-065,1,1,0,0
Model3_RAG_Gemma2B,GRESt-AT-066,0,0,0,0
Model3_RAG_Gemma2B,GRESt-AT-067,0,0,0,0
Model3_RAG_Gemma2B,GRESt-AT-068,0,0,0,0
Model3_RAG_Gemma2B,GRESt-AT-069,0,0,0,0
Model3_RAG_Gemma2B,GRESt-AT-070,2,2,0,0
Model3_RAG_Gemma2B,GRESt-AT-071,2,2,0,0
Model3_RAG_Gemma2B,GRESt-AT-072,0,0,0,0
Model3_RAG_Gemma2B,GRESt-AT-073,0,0,0,0
Model3_RAG_Gemma2B,GRESt-AT-074,1,1,0,0
Model3_RAG_Gemma2B,GRESt-AT-075,2,2,0,0
Model3_RAG_Gemma2B,GRESt-AT-076,2,2,0,0
Model3_RAG_Gemma2B,GRESt-AT-077,0,0,0,0
Model3_RAG_Gemma2B,GRESt-AT-078,3,3,0,0
Model3_RAG_Gemma2B,GRESt-AT-079,3,3,0,0
Model3_RAG_Gemma2B,GRESt-AT-080,0,0,0,0
Model3_RAG_Gemma2B,GRESt-AT-081,0,0,0,0
Model3_RAG_Gemma2B,VAT-INTL-001,1,1,0,0
Model3_RAG_Gemma2B,VAT-INTL-002,1,1,0,0
Model3_RAG_Gemma2B,VAT-INTL-003,1,1,0,0
Model3_RAG_Gemma2B,VAT-INTL-004,2,1,1,0
Model3_RAG_Gemma2B,VAT-INTL-005,3,3,0,0
Model3_RAG_Gemma2B,VAT-INTL-006,0,0,0,0
Model3_RAG_Gemma2B,VAT-INTL-007,0,0,0,0
Model3_RAG_Gemma2B,VAT-INTL-008,2,2,0,0
Model3_RAG_Gemma2B,VAT-INTL-009,1,1,0,0
Model3_RAG_Gemma2B,VAT-INTL-010,0,0,0,0
Model3_RAG_Gemma2B,VAT-INTL-011,0,0,0,0
Model3_RAG_Gemma2B,VAT-INTL-012,1,1,0,0
Model3_RAG_Gemma2B,VAT-INTL-013,1,1,0,0
Model3_RAG_Gemma2B,VAT-INTL-014,1,1,0,0
Model3_RAG_Gemma2B,VAT-INTL-015,2,1,1,0
Model3_RAG_Gemma2B,VAT-INTL-016,2,2,0,0
Model3_RAG_Gemma2B,VAT-INTL-017,0,0,0,0
Model3_RAG_Gemma2B,VAT-INTL-018,3,3,0,0
Model3_RAG_Gemma2B,VAT-INTL-019,2,2,0,0
Model3_RAG_Gemma2B,VAT-INTL-020,2,2,0,0
Model3_RAG_Gemma2B,VAT-INTL-021,1,1,0,0
Model3_RAG_Gemma2B,VAT-INTL-022,1,1,0,0
Model3_RAG_Gemma2B,VAT-INTL-023,2,2,0,0
Model3_RAG_Gemma2B,VAT-INTL-024,0,0,0,0
Model3_RAG_Gemma2B,VAT-INTL-025,0,0,0,0
Model3_RAG_Gemma2B,VAT-INTL-026,0,0,0,0
Model3_RAG_Gemma2B,VAT-INTL-027,1,1,0,0
Model3_RAG_Gemma2B,VAT-INTL-028,0,0,0,0
Model3_RAG_Gemma2B,VAT-INTL-029,3,3,0,0
Model3_RAG_Gemma2B,VAT-INTL-030,0,0,0,0
Model3_RAG_Gemma2B,VAT-INTL-031,0,0,0,0
Model3_RAG_Gemma2B,VAT-INTL-032,1,1,0,0
Model3_RAG_Gemma2B,VAT-INTL-033,2,2,0,0
Model3_RAG_Gemma2B,VAT-INTL-034,4,4,0,0
Model3_RAG_Gemma2B,VAT-INTL-035,3,3,0,0
Model3_RAG_Gemma2B,VAT-INTL-036,1,1,0,0
Model3_RAG_Gemma2B,VAT-INTL-037,0,0,0,0
Model3_RAG_Gemma2B,VAT-INTL-038,2,2,0,0
Model3_RAG_Gemma2B,VAT-INTL-039,0,0,0,0
Model3_RAG_Gemma2B,VAT-INTL-040,0,0,0,0
Model3_RAG_Gemma2B,VAT-INTL-041,1,1,0,0
Model3_RAG_Gemma2B,VAT-INTL-042,2,1,1,0
Model3_RAG_Gemma2B,VAT-INTL-043,0,0,0,0
Model3_RAG_Gemma2B,VAT-INTL-044,1,1,0,0
Model3_RAG_Gemma2B,VAT-INTL-045,2,2,0,0
Model3_RAG_Gemma2B,VAT-INTL-046,1,1,0,0
Model3_RAG_Gemma2B,VAT-INTL-047,0,0,0,0
Model3_RAG_Gemma2B,VAT-INTL-048,4,4,0,0
Model3_RAG_Gemma2B,VAT-INTL-049,0,0,0,0
Model3_RAG_Gemma2B,VAT-INTL-050,0,0,0,0
Model3_RAG_Gemma2B,VAT-INTL-051,2,2,0,0
Model3_RAG_Gemma2B,VAT-INTL-052,0,0,0,0
Model3_RAG_Gemma2B,VAT-INTL-053,0,0,0,0
Model3_RAG_Gemma2B,VAT-INTL-054,3,3,0,0
Model3_RAG_Gemma2B,VAT-INTL-055,2,2,0,0
Model3_RAG_Gemma2B,VAT-INTL-056,0,0,0,0
Model3_RAG_Gemma2B,VAT-INTL-057,0,0,0,0
Model3_RAG_Gemma2B,VAT-INTL-058,0,0,0,0
Model3_RAG_Gemma2B,VAT-INTL-059,2,2,0,0
Model3_RAG_Gemma2B,VAT-INTL-060,1,1,0,0
Model3_RAG_Gemma2B,VAT-INTL-061,2,2,0,0
Model3_RAG_Gemma2B,VAT-INTL-062,1,1,0,0
Model3_RAG_Gemma2B,VAT-INTL-063,0,0,0,0
Model3_RAG_Gemma2B,VAT-INTL-064,0,0,0,0
Model3_RAG_Gemma2B,VAT-INTL-065,0,0,0,0
Model3_RAG_Gemma2B,VAT-INTL-066,2,2,0,0
Model3_RAG_Gemma2B,VAT-INTL-067,0,0,0,0
Model3_RAG_Gemma2B,VAT-INTL-068,1,1,0,0
Model3_RAG_Gemma2B,VAT-INTL-069,0,0,0,0
Model3_RAG_Gemma2B,VAT-INTL-070,0,0,0,0
Model3_RAG_Gemma2B,VAT-INTL-071,1,1,0,0
Model3_RAG_Gemma2B,VAT-INTL-072,0,0,0,0
Model3_RAG_Gemma2B,VAT-INTL-073,0,0,0,0
Model3_RAG_Gemma2B,VAT-INTL-074,1,1,0,0
Model3_RAG_Gemma2B,VAT-INTL-075,0,0,0,0
Model3_RAG_Gemma2B,VAT-INTL-076,0,0,0,0
Model3_RAG_Gemma2B,VAT-INTL-077,0,0,0,0
Model3_RAG_Gemma2B,VAT-INTL-078,6,6,0,0
Model3_RAG_Gemma2B,VAT-INTL-079,1,0,0,1
Model3_RAG_Gemma2B,VAT-INTL-080,0,0,0,0
Model3_RAG_Gemma2B,VAT-INTL-081,3,2,0,1
Model3_RAG_Gemma2B,VAT-INTL-082,2,2,0,0
Model3_RAG_Gemma2B,ESTG27-001,4,4,0,0
Model3_RAG_Gemma2B,ESTG27-002,4,4,0,0
Model3_RAG_Gemma2B,ESTG27-003,1,1,0,0
Model3_RAG_Gemma2B,ESTG27-004,2,2,0,0
Model3_RAG_Gemma2B,ESTG27-005,4,4,0,0
Model3_RAG_Gemma2B,ESTG27-006,1,1,0,0
Model3_RAG_Gemma2B,ESTG27-007,0,0,0,0
Model3_RAG_Gemma2B,ESTG27-008,2,2,0,0
Model3_RAG_Gemma2B,ESTG27-009,3,3,0,0
Model3_RAG_Gemma2B,ESTG27-010,2,2,0,0
Model3_RAG_Gemma2B,ESTG27-011,0,0,0,0
Model3_RAG_Gemma2B,ESTG27-012,0,0,0,0
Model3_RAG_Gemma2B,ESTG27-013,3,3,0,0
Model3_RAG_Gemma2B,ESTG27-014,1,1,0,0
Model3_RAG_Gemma2B,ESTG27-017,2,2,0,0
Model3_RAG_Gemma2B,ESTG27-018,1,1,0,0
Model3_RAG_Gemma2B,ESTG27-019,3,3,0,0
Model3_RAG_Gemma2B,ESTG27-020,1,1,0,0
Model3_RAG_Gemma2B,ESTG27-021,2,2,0,0
Model3_RAG_Gemma2B,ESTG27-022,1,1,0,0
Model3_RAG_Gemma2B,ESTG27-023,0,0,0,0
Model3_RAG_Gemma2B,ESTG27-024,4,4,0,0
Model3_RAG_Gemma2B,ESTG27-025,3,3,0,0
Model3_RAG_Gemma2B,ESTG27-026,2,2,0,0
Model3_RAG_Gemma2B,ESTG27-027,0,0,0,0
Model3_RAG_Gemma2B,ESTG27-028,1,1,0,0
Model3_RAG_Gemma2B,ESTG27-029,1,1,0,0
Model3_RAG_Gemma2B,ESTG27-030,0,0,0,0
Model3_RAG_Gemma2B,ESTG27-031,4,4,0,0
Model3_RAG_Gemma2B,ESTG27-032,1,1,0,0
Model3_RAG_Gemma2B,ESTG27-033,3,3,0,0
Model3_RAG_Gemma2B,ESTG27-034,4,4,0,0
Model3_RAG_Gemma2B,ESTG27-035,3,2,0,1
Model3_RAG_Gemma2B,ESTG27-036,3,3,0,0
Model3_RAG_Gemma2B,ESTG27-037,2,2,0,0
Model3_RAG_Gemma2B,ESTG27-038,3,3,0,0
Model3_RAG_Gemma2B,ESTG27-039,2,2,0,0
Model3_RAG_Gemma2B,ESTG27-040,1,1,0,0
Model3_RAG_Gemma2B,EMP-001,0,0,0,0
Model3_RAG_Gemma2B,EMP-002,2,2,0,0
Model3_RAG_Gemma2B,EMP-003,2,2,0,0
Model3_RAG_Gemma2B,EMP-004,0,0,0,0
Model3_RAG_Gemma2B,EMP-005,1,1,0,0
Model3_RAG_Gemma2B,EMP-006,3,3,0,0
Model3_RAG_Gemma2B,EMP-007,0,0,0,0
Model3_RAG_Gemma2B,EMP-008,0,0,0,0
Model3_RAG_Gemma2B,EMP-009,2,2,0,0
Model3_RAG_Gemma2B,EMP-010,1,1,0,0
Model3_RAG_Gemma2B,EMP-011,1,1,0,0
Model3_RAG_Gemma2B,EMP-012,2,2,0,0
Model3_RAG_Gemma2B,EMP-013,2,2,0,0
Model3_RAG_Gemma2B,EMP-014,0,0,0,0
Model3_RAG_Gemma2B,EMP-015,0,0,0,0
Model3_RAG_Gemma2B,EMP-016,3,3,0,0
Model3_RAG_Gemma2B,EMP-017,0,0,0,0
Model3_RAG_Gemma2B,EMP-018,3,3,0,0
Model3_RAG_Gemma2B,EMP-019,2,2,0,0
Model3_RAG_Gemma2B,EMP-020,0,0,0,0
Model3_RAG_Gemma2B,EMP-021,1,1,0,0
Model3_RAG_Gemma2B,EMP-022,0,0,0,0
Model3_RAG_Gemma2B,EMP-023,2,2,0,0
Model3_RAG_Gemma2B,EMP-024,0,0,0,0
Model3_RAG_Gemma2B,EMP-025,3,3,0,0
Model3_RAG_Gemma2B,EMP-026,2,2,0,0
Model3_RAG_Gemma2B,EMP-027,2,2,0,0
Model3_RAG_Gemma2B,EMP-028,0,0,0,0
Model3_RAG_Gemma2B,EMP-029,2,2,0,0
Model3_RAG_Gemma2B,EMP-030,1,1,0,0
Model3_RAG_Gemma2B,EMP-031,3,3,0,0
Model3_RAG_Gemma2B,EMP-032,2,2,0,0
Model3_RAG_Gemma2B,EMP-033,3,3,0,0
Model3_RAG_Gemma2B,EMP-034,2,2,0,0
Model3_RAG_Gemma2B,EMP-035,4,4,0,0
Model3_RAG_Gemma2B,EMP-036,2,2,0,0
Model3_RAG_Gemma2B,EMP-037,3,3,0,0
Model3_RAG_Gemma2B,EMP-038,0,0,0,0
Model3_RAG_Gemma2B,EMP-039,0,0,0,0
Model3_RAG_Gemma2B,EMP-040,2,2,0,0
Model3_RAG_Gemma2B,EMP-041,0,0,0,0
Model3_RAG_Gemma2B,EMP-042,0,0,0,0
Model3_RAG_Gemma2B,EMP-043,1,1,0,0
Model3_RAG_Gemma2B,EMP-044,0,0,0,0
Model3_RAG_Gemma2B,EMP-045,2,2,0,0
Model3_RAG_Gemma2B,EMP-046,0,0,0,0
Model3_RAG_Gemma2B,EMP-047,0,0,0,0
Model3_RAG_Gemma2B,EMP-048,1,1,0,0
Model3_RAG_Gemma2B,EMP-049,2,2,0,0
Model3_RAG_Gemma2B,EMP-050,2,2,0,0
Model3_RAG_Gemma2B,EMP-051,0,0,0,0
Model3_RAG_Gemma2B,EMP-052,1,1,0,0
Model3_RAG_Gemma2B,EMP-053,0,0,0,0
Model3_RAG_Gemma2B,EMP-054,2,2,0,0
Model3_RAG_Gemma2B,EMP-055,0,0,0,0
Model3_RAG_Gemma2B,EMP-056,4,4,0,0
Model3_RAG_Gemma2B,EMP-057,0,0,0,0
Model3_RAG_Gemma2B,EMP-058,2,2,0,0
Model3_RAG_Gemma2B,EMP-059,1,1,0,0
Model3_RAG_Gemma2B,EMP-060,1,1,0,0
Model3_RAG_Gemma2B,EStG-23-001,3,3,0,0
Model3_RAG_Gemma2B,EStG-23-002,2,2,0,0
Model3_RAG_Gemma2B,EStG-23-003,5,5,0,0
Model3_RAG_Gemma2B,EStG-23-004,3,3,0,0
Model3_RAG_Gemma2B,EStG-23-005,4,4,0,0
Model3_RAG_Gemma2B,EStG-23-006,1,1,0,0
Model3_RAG_Gemma2B,EStG-23-007,3,3,0,0
Model3_RAG_Gemma2B,EStG-23-008,2,2,0,0
Model3_RAG_Gemma2B,EStG-23-009,3,3,0,0
Model3_RAG_Gemma2B,EStG-23-010,1,1,0,0
Model3_RAG_Gemma2B,EStG-23-011,4,4,0,0
Model3_RAG_Gemma2B,EStG-23-012,2,2,0,0
Model3_RAG_Gemma2B,EStG-23-013,4,4,0,0
Model3_RAG_Gemma2B,EStG-23-014,3,3,0,0
Model3_RAG_Gemma2B,EStG-23-015,4,4,0,0
Model3_RAG_Gemma2B,EStG-23-016,4,4,0,0
Model3_RAG_Gemma2B,EStG-23-017,3,3,0,0
Model3_RAG_Gemma2B,EStG-23-018,3,3,0,0
Model3_RAG_Gemma2B,EStG-23-019,1,1,0,0
Model3_RAG_Gemma2B,EStG-23-020,1,1,0,0
Model3_RAG_Gemma2B,EStG-23-021,2,2,0,0
Model3_RAG_Gemma2B,EStG-23-022,0,0,0,0
Model3_RAG_Gemma2B,EStG-23-023,0,0,0,0
Model3_RAG_Gemma2B,EStG-23-024,3,3,0,0
Model3_RAG_Gemma2B,EStG-23-025,5,5,0,0
Model3_RAG_Gemma2B,EStG-23-026,3,3,0,0
Model3_RAG_Gemma2B,EStG-23-027,2,2,0,0
Model3_RAG_Gemma2B,EStG-23-028,2,2,0,0
Model3_RAG_Gemma2B,EStG-23-029,1,1,0,0
Model3_RAG_Gemma2B,EStG-23-030,4,4,0,0
Model3_RAG_Gemma2B,EStG-23-031,0,0,0,0
Model3_RAG_Gemma2B,EStG-23-032,2,2,0,0
Model3_RAG_Gemma2B,EStG-23-033,3,3,0,0
Model3_RAG_Gemma2B,EStG-23-034,3,3,0,0
Model3_RAG_Gemma2B,EStG-23-035,5,5,0,0
Model3_RAG_Gemma2B,EStG-23-036,2,2,0,0
Model3_RAG_Gemma2B,EStG-23-037,5,5,0,0
Model3_RAG_Gemma2B,EStG-23-038,1,1,0,0
Model3_RAG_Gemma2B,EStG-23-039,3,3,0,0
Model3_RAG_Gemma2B,EStG-23-040,3,3,0,0
Model3_RAG_Gemma2B,EStG-23-041,3,3,0,0
Model3_RAG_Gemma2B,EStG-23-042,1,1,0,0
Model3_RAG_Gemma2B,EStG-23-043,2,2,0,0
Model3_RAG_Gemma2B,EStG-23-044,0,0,0,0
Model3_RAG_Gemma2B,EStG-23-045,4,4,0,0
Model3_RAG_Gemma2B,EStG-23-046,0,0,0,0
Model3_RAG_Gemma2B,EStG-23-047,3,3,0,0
Model3_RAG_Gemma2B,EStG-23-048,0,0,0,0
Model3_RAG_Gemma2B,EStG-23-049,1,0,0,1
Model3_RAG_Gemma2B,EStG-23-050,3,3,0,0
Model3_RAG_Gemma2B,EStG-23-051,3,3,0,0
Model3_RAG_Gemma2B,EStG-23-052,1,1,0,0
Model3_RAG_Gemma2B,EStG-23-053,2,2,0,0
Model3_RAG_Gemma2B,EStG-23-054,2,2,0,0
Model3_RAG_Gemma2B,EStG-23-055,0,0,0,0
Model3_RAG_Gemma2B,EStG-23-056,0,0,0,0
Model3_RAG_Gemma2B,EStG-23-057,0,0,0,0
Model3_RAG_Gemma2B,EStG-23-058,0,0,0,0
Model3_RAG_Gemma2B,EStG-23-059,4,4,0,0
Model3_RAG_Gemma2B,EStG-23-060,1,1,0,0
Model3_RAG_Gemma2B,SELF-001,2,2,0,0
Model3_RAG_Gemma2B,SELF-002,0,0,0,0
Model3_RAG_Gemma2B,SELF-003,1,1,0,0
Model3_RAG_Gemma2B,SELF-004,1,1,0,0
Model3_RAG_Gemma2B,SELF-005,0,0,0,0
Model3_RAG_Gemma2B,SELF-006,0,0,0,0
Model3_RAG_Gemma2B,SELF-007,1,1,0,0
Model3_RAG_Gemma2B,SELF-008,2,2,0,0
Model3_RAG_Gemma2B,SELF-009,2,2,0,0
Model3_RAG_Gemma2B,SELF-010,0,0,0,0
Model3_RAG_Gemma2B,SELF-011,3,3,0,0
Model3_RAG_Gemma2B,SELF-012,1,1,0,0
Model3_RAG_Gemma2B,SELF-013,0,0,0,0
Model3_RAG_Gemma2B,SELF-014,1,1,0,0
Model3_RAG_Gemma2B,SELF-015,1,1,0,0
Model3_RAG_Gemma2B,SELF-016,0,0,0,0
Model3_RAG_Gemma2B,SELF-017,1,1,0,0
Model3_RAG_Gemma2B,SELF-018,3,3,0,0
Model3_RAG_Gemma2B,SELF-019,0,0,0,0
Model3_RAG_Gemma2B,SELF-020,0,0,0,0
Model3_RAG_Gemma2B,SELF-021,3,3,0,0
Model3_RAG_Gemma2B,SELF-022,1,1,0,0
Model3_RAG_Gemma2B,SELF-023,2,2,0,0
Model3_RAG_Gemma2B,SELF-024,1,1,0,0
Model3_RAG_Gemma2B,SELF-025,0,0,0,0
Model3_RAG_Gemma2B,SELF-026,0,0,0,0
Model3_RAG_Gemma2B,SELF-027,0,0,0,0
Model3_RAG_Gemma2B,SELF-028,4,4,0,0
Model3_RAG_Gemma2B,SELF-029,3,3,0,0
Model3_RAG_Gemma2B,SELF-030,1,1,0,0
Model3_RAG_Gemma2B,SELF-031,0,0,0,0
Model3_RAG_Gemma2B,SELF-032,1,1,0,0
Model3_RAG_Gemma2B,SELF-033,3,3,0,0
Model3_RAG_Gemma2B,SELF-034,3,3,0,0
Model3_RAG_Gemma2B,SELF-035,0,0,0,0
Model3_RAG_Gemma2B,SELF-036,2,2,0,0
Model3_RAG_Gemma2B,SELF-037,1,1,0,0
Model3_RAG_Gemma2B,SELF-038,0,0,0,0
Model3_RAG_Gemma2B,SELF-039,2,2,0,0
Model3_RAG_Gemma2B,SELF-040,1,1,0,0
Model3_RAG_Gemma2B,SELF-041,1,1,0,0
Model3_RAG_Gemma2B,SELF-042,2,2,0,0
Model3_RAG_Gemma2B,SELF-043,3,3,0,0
Model3_RAG_Gemma2B,SELF-044,2,2,0,0
Model3_RAG_Gemma2B,SELF-045,2,2,0,0
Model3_RAG_Gemma2B,SELF-046,2,2,0,0
Model3_RAG_Gemma2B,SELF-047,0,0,0,0
Model3_RAG_Gemma2B,SELF-048,1,1,0,0
Model3_RAG_Gemma2B,SELF-049,2,1,0,1
Model3_RAG_Gemma2B,SELF-050,0,0,0,0
Model3_RAG_Gemma2B,SELF-051,0,0,0,0
Model3_RAG_Gemma2B,SELF-052,1,1,0,0
Model3_RAG_Gemma2B,SELF-053,1,0,0,1
Model3_RAG_Gemma2B,SELF-054,1,1,0,0
Model3_RAG_Gemma2B,SELF-055,2,2,0,0
Model3_RAG_Gemma2B,SELF-056,1,1,0,0
Model3_RAG_Gemma2B,SELF-057,4,4,0,0
Model3_RAG_Gemma2B,SELF-058,3,3,0,0
Model3_RAG_Gemma2B,SELF-059,1,1,0,0
Model3_RAG_Gemma2B,SELF-060,4,4,0,0
Model3_RAG_Gemma2B,SELF-061,1,0,0,1
Model3_RAG_Gemma2B,SELF-062,2,0,0,2
Model3_RAG_Gemma2B,SELF-063,3,3,0,0
Model3_RAG_Gemma2B,SELF-064,0,0,0,0
Model3_RAG_Gemma2B,SELF-065,3,3,0,0
Model3_RAG_Gemma2B,SELF-066,0,0,0,0
Model3_RAG_Gemma2B,SELF-067,1,0,1,0
Model3_RAG_Gemma2B,SELF-068,3,3,0,0
Model3_RAG_Gemma2B,SELF-069,2,2,0,0
Model3_RAG_Gemma2B,SELF-070,1,1,0,0
Model3_RAG_Gemma2B,SELF-071,0,0,0,0
Model3_RAG_Gemma2B,SELF-072,2,2,0,0
Model3_RAG_Gemma2B,SELF-073,1,1,0,0
Model3_RAG_Gemma2B,SELF-074,2,2,0,0
Model3_RAG_Gemma2B,SELF-075,1,1,0,0
Model3_RAG_Gemma2B,SELF-076,1,1,0,0
Model3_RAG_Gemma2B,SELF-077,0,0,0,0
Model3_RAG_Gemma2B,SELF-078,0,0,0,0
Model3_RAG_Gemma2B,SELF-079,0,0,0,0
Model3_RAG_Gemma2B,SELF-080,0,0,0,0
Model3_RAG_Gemma2B,SELF-081,0,0,0,0
Model3_RAG_Gemma2B,SELF-082,4,4,0,0
