id,topic,question,answer,source_title,source_url
AT-KST-001,steuerpflicht_nur_koerperschaften,Wer ist überhaupt körperschaftsteuerpflichtig?,Körperschaftsteuerpflichtig sind nur Körperschaften.,KStG 1988 § 1 Unbeschränkte und beschränkte Steuerpflicht,https://www.ris.bka.gv.at/NormDokument.wxe?Abfrage=Bundesnormen&Anlage=&Artikel=&FassungVom=2026-02-16&Gesetzesnummer=10004569&Paragraf=1&Uebergangsrecht=
AT-KST-002,steuerpflicht_nur_koerperschaften,Für wen gilt die Körperschaftsteuer grundsätzlich?,Körperschaftsteuerpflichtig sind nur Körperschaften.,KStG 1988 § 1 Unbeschränkte und beschränkte Steuerpflicht,https://www.ris.bka.gv.at/NormDokument.wxe?Abfrage=Bundesnormen&Anlage=&Artikel=&FassungVom=2026-02-16&Gesetzesnummer=10004569&Paragraf=1&Uebergangsrecht=
AT-KST-003,unbeschraenkte_steuerpflicht,Wann ist eine Körperschaft unbeschränkt steuerpflichtig?,"Unbeschränkt steuerpflichtig sind Körperschaften, die im Inland ihre Geschäftsleitung oder ihren Sitz haben.",KStG 1988 § 1 Unbeschränkte und beschränkte Steuerpflicht,https://www.ris.bka.gv.at/NormDokument.wxe?Abfrage=Bundesnormen&Anlage=&Artikel=&FassungVom=2026-02-16&Gesetzesnummer=10004569&Paragraf=1&Uebergangsrecht=
AT-KST-004,unbeschraenkte_steuerpflicht,Unter welcher Voraussetzung besteht unbeschränkte Körperschaftsteuerpflicht?,"Unbeschränkt steuerpflichtig sind Körperschaften, die im Inland ihre Geschäftsleitung oder ihren Sitz haben.",KStG 1988 § 1 Unbeschränkte und beschränkte Steuerpflicht,https://www.ris.bka.gv.at/NormDokument.wxe?Abfrage=Bundesnormen&Anlage=&Artikel=&FassungVom=2026-02-16&Gesetzesnummer=10004569&Paragraf=1&Uebergangsrecht=
AT-KST-005,welteinkommensprinzip,Auf welche Einkünfte erstreckt sich die unbeschränkte Körperschaftsteuerpflicht?,Die unbeschränkte Steuerpflicht erstreckt sich auf alle in- und ausländischen Einkünfte im Sinne des Einkommensteuergesetzes.,KStG 1988 § 1 Unbeschränkte und beschränkte Steuerpflicht,https://www.ris.bka.gv.at/NormDokument.wxe?Abfrage=Bundesnormen&Anlage=&Artikel=&FassungVom=2026-02-16&Gesetzesnummer=10004569&Paragraf=1&Uebergangsrecht=
AT-KST-006,welteinkommensprinzip,Erfasst die unbeschränkte Steuerpflicht nur österreichische oder auch ausländische Einkünfte?,Die unbeschränkte Steuerpflicht erstreckt sich auf alle in- und ausländischen Einkünfte im Sinne des Einkommensteuergesetzes.,KStG 1988 § 1 Unbeschränkte und beschränkte Steuerpflicht,https://www.ris.bka.gv.at/NormDokument.wxe?Abfrage=Bundesnormen&Anlage=&Artikel=&FassungVom=2026-02-16&Gesetzesnummer=10004569&Paragraf=1&Uebergangsrecht=
AT-KST-007,privatrechtliche_koerperschaften,Zählen juristische Personen des privaten Rechts zu den Körperschaften im Sinn des KStG?,Zu den Körperschaften zählen inländische juristische Personen des privaten Rechts und vergleichbare ausländische Rechtsgebilde.,KStG 1988 § 1 Unbeschränkte und beschränkte Steuerpflicht,https://www.ris.bka.gv.at/NormDokument.wxe?Abfrage=Bundesnormen&Anlage=&Artikel=&FassungVom=2026-02-16&Gesetzesnummer=10004569&Paragraf=1&Uebergangsrecht=
AT-KST-008,privatrechtliche_koerperschaften,Welche privatrechtlichen Rechtsträger gelten als Körperschaften nach § 1 KStG?,Zu den Körperschaften zählen inländische juristische Personen des privaten Rechts und vergleichbare ausländische Rechtsgebilde.,KStG 1988 § 1 Unbeschränkte und beschränkte Steuerpflicht,https://www.ris.bka.gv.at/NormDokument.wxe?Abfrage=Bundesnormen&Anlage=&Artikel=&FassungVom=2026-02-16&Gesetzesnummer=10004569&Paragraf=1&Uebergangsrecht=
AT-KST-009,betriebe_gewerblicher_art,Gelten Betriebe gewerblicher Art von Körperschaften des öffentlichen Rechts als Körperschaften?,Auch Betriebe gewerblicher Art von Körperschaften des öffentlichen Rechts gelten als Körperschaften im Sinne des KStG.,KStG 1988 § 1 Unbeschränkte und beschränkte Steuerpflicht,https://www.ris.bka.gv.at/NormDokument.wxe?Abfrage=Bundesnormen&Anlage=&Artikel=&FassungVom=2026-02-16&Gesetzesnummer=10004569&Paragraf=1&Uebergangsrecht=
AT-KST-010,betriebe_gewerblicher_art,Fallen Betriebe gewerblicher Art öffentlicher Körperschaften unter § 1 KStG?,Auch Betriebe gewerblicher Art von Körperschaften des öffentlichen Rechts gelten als Körperschaften im Sinne des KStG.,KStG 1988 § 1 Unbeschränkte und beschränkte Steuerpflicht,https://www.ris.bka.gv.at/NormDokument.wxe?Abfrage=Bundesnormen&Anlage=&Artikel=&FassungVom=2026-02-16&Gesetzesnummer=10004569&Paragraf=1&Uebergangsrecht=
AT-KST-011,zweckvermoegen,Können auch nichtrechtsfähige Personenvereinigungen oder Zweckvermögen unter das KStG fallen?,"Nichtrechtsfähige Personenvereinigungen, Anstalten, Stiftungen und andere Zweckvermögen zählen ebenfalls zu den Körperschaften im Sinne des KStG.",KStG 1988 § 1 Unbeschränkte und beschränkte Steuerpflicht,https://www.ris.bka.gv.at/NormDokument.wxe?Abfrage=Bundesnormen&Anlage=&Artikel=&FassungVom=2026-02-16&Gesetzesnummer=10004569&Paragraf=1&Uebergangsrecht=
AT-KST-012,zweckvermoegen,"Zählen Anstalten, Stiftungen und andere Zweckvermögen zu den Körperschaften?","Nichtrechtsfähige Personenvereinigungen, Anstalten, Stiftungen und andere Zweckvermögen zählen ebenfalls zu den Körperschaften im Sinne des KStG.",KStG 1988 § 1 Unbeschränkte und beschränkte Steuerpflicht,https://www.ris.bka.gv.at/NormDokument.wxe?Abfrage=Bundesnormen&Anlage=&Artikel=&FassungVom=2026-02-16&Gesetzesnummer=10004569&Paragraf=1&Uebergangsrecht=
AT-KST-013,beschraenkte_steuerpflicht_ausland,Wann ist eine Körperschaft beschränkt steuerpflichtig?,"Beschränkt steuerpflichtig sind Körperschaften, die im Inland weder ihre Geschäftsleitung noch ihren Sitz haben, mit ihren Einkünften im Sinne des § 21 KStG.",KStG 1988 § 1 Unbeschränkte und beschränkte Steuerpflicht,https://www.ris.bka.gv.at/NormDokument.wxe?Abfrage=Bundesnormen&Anlage=&Artikel=&FassungVom=2026-02-16&Gesetzesnummer=10004569&Paragraf=1&Uebergangsrecht=
AT-KST-014,beschraenkte_steuerpflicht_ausland,Wie wird die beschränkte Steuerpflicht im KStG umschrieben?,"Beschränkt steuerpflichtig sind Körperschaften, die im Inland weder ihre Geschäftsleitung noch ihren Sitz haben, mit ihren Einkünften im Sinne des § 21 KStG.",KStG 1988 § 1 Unbeschränkte und beschränkte Steuerpflicht,https://www.ris.bka.gv.at/NormDokument.wxe?Abfrage=Bundesnormen&Anlage=&Artikel=&FassungVom=2026-02-16&Gesetzesnummer=10004569&Paragraf=1&Uebergangsrecht=
AT-KST-015,sitz_geschaeftsleitung,Welche Kriterien sind für die persönliche Steuerpflicht einer Körperschaft entscheidend?,"Für die persönliche Steuerpflicht ist maßgeblich, ob sich Sitz oder Geschäftsleitung im Inland befinden.",KStG 1988 § 1 Unbeschränkte und beschränkte Steuerpflicht,https://www.ris.bka.gv.at/NormDokument.wxe?Abfrage=Bundesnormen&Anlage=&Artikel=&FassungVom=2026-02-16&Gesetzesnummer=10004569&Paragraf=1&Uebergangsrecht=
AT-KST-016,sitz_geschaeftsleitung,Worauf kommt es bei der Abgrenzung zwischen unbeschränkter und beschränkter Steuerpflicht an?,"Für die persönliche Steuerpflicht ist maßgeblich, ob sich Sitz oder Geschäftsleitung im Inland befinden.",KStG 1988 § 1 Unbeschränkte und beschränkte Steuerpflicht,https://www.ris.bka.gv.at/NormDokument.wxe?Abfrage=Bundesnormen&Anlage=&Artikel=&FassungVom=2026-02-16&Gesetzesnummer=10004569&Paragraf=1&Uebergangsrecht=
AT-KST-017,vergleichbare_auslaendische_rechtsgebilde,Können auch vergleichbare ausländische Rechtsgebilde unter § 1 Abs. 2 KStG fallen?,Vergleichbare ausländische Rechtsgebilde können körperschaftsteuerlich wie juristische Personen des privaten Rechts behandelt werden.,KStG 1988 § 1 Unbeschränkte und beschränkte Steuerpflicht,https://www.ris.bka.gv.at/NormDokument.wxe?Abfrage=Bundesnormen&Anlage=&Artikel=&FassungVom=2026-02-16&Gesetzesnummer=10004569&Paragraf=1&Uebergangsrecht=
AT-KST-018,vergleichbare_auslaendische_rechtsgebilde,Wie behandelt § 1 KStG vergleichbare ausländische Rechtsgebilde?,Vergleichbare ausländische Rechtsgebilde können körperschaftsteuerlich wie juristische Personen des privaten Rechts behandelt werden.,KStG 1988 § 1 Unbeschränkte und beschränkte Steuerpflicht,https://www.ris.bka.gv.at/NormDokument.wxe?Abfrage=Bundesnormen&Anlage=&Artikel=&FassungVom=2026-02-16&Gesetzesnummer=10004569&Paragraf=1&Uebergangsrecht=
AT-KST-019,einkommensermittlung_grundlage,Wonach richtet sich die Einkommensermittlung bei der Körperschaftsteuer?,"Wie das Einkommen zu ermitteln ist, bestimmt sich grundsätzlich nach dem Einkommensteuergesetz 1988 und dem Körperschaftsteuergesetz 1988.","KStG 1988 § 7 Einkommen, Einkommensermittlung",https://www.ris.bka.gv.at/NormDokument.wxe?Abfrage=Bundesnormen&Anlage=&Artikel=&FassungVom=2026-02-14&Gesetzesnummer=10004569&Paragraf=7&Uebergangsrecht=
AT-KST-020,einkommensermittlung_grundlage,Welche Gesetze sind für die Ermittlung des körperschaftsteuerlichen Einkommens maßgeblich?,"Wie das Einkommen zu ermitteln ist, bestimmt sich grundsätzlich nach dem Einkommensteuergesetz 1988 und dem Körperschaftsteuergesetz 1988.","KStG 1988 § 7 Einkommen, Einkommensermittlung",https://www.ris.bka.gv.at/NormDokument.wxe?Abfrage=Bundesnormen&Anlage=&Artikel=&FassungVom=2026-02-14&Gesetzesnummer=10004569&Paragraf=7&Uebergangsrecht=
AT-KST-021,bemessungsgrundlage_einkommen,Was ist die Bemessungsgrundlage der Körperschaftsteuer?,"Der Körperschaftsteuer ist das Einkommen zugrunde zu legen, das der unbeschränkt Steuerpflichtige innerhalb eines Kalenderjahres bezogen hat.","KStG 1988 § 7 Einkommen, Einkommensermittlung",https://www.ris.bka.gv.at/NormDokument.wxe?Abfrage=Bundesnormen&Anlage=&Artikel=&FassungVom=2026-02-14&Gesetzesnummer=10004569&Paragraf=7&Uebergangsrecht=
AT-KST-022,bemessungsgrundlage_einkommen,Welches Einkommen wird der Körperschaftsteuer grundsätzlich zugrunde gelegt?,"Der Körperschaftsteuer ist das Einkommen zugrunde zu legen, das der unbeschränkt Steuerpflichtige innerhalb eines Kalenderjahres bezogen hat.","KStG 1988 § 7 Einkommen, Einkommensermittlung",https://www.ris.bka.gv.at/NormDokument.wxe?Abfrage=Bundesnormen&Anlage=&Artikel=&FassungVom=2026-02-14&Gesetzesnummer=10004569&Paragraf=7&Uebergangsrecht=
AT-KST-023,einkommensbegriff,Wie definiert § 7 KStG das Einkommen einer Körperschaft?,Einkommen ist grundsätzlich der Gesamtbetrag der Einkünfte nach Verlustausgleich und nach Abzug der Sonderausgaben sowie des Freibetrags für begünstigte Zwecke.,"KStG 1988 § 7 Einkommen, Einkommensermittlung",https://www.ris.bka.gv.at/NormDokument.wxe?Abfrage=Bundesnormen&Anlage=&Artikel=&FassungVom=2026-02-14&Gesetzesnummer=10004569&Paragraf=7&Uebergangsrecht=
AT-KST-024,einkommensbegriff,Was versteht das Körperschaftsteuerrecht unter Einkommen?,Einkommen ist grundsätzlich der Gesamtbetrag der Einkünfte nach Verlustausgleich und nach Abzug der Sonderausgaben sowie des Freibetrags für begünstigte Zwecke.,"KStG 1988 § 7 Einkommen, Einkommensermittlung",https://www.ris.bka.gv.at/NormDokument.wxe?Abfrage=Bundesnormen&Anlage=&Artikel=&FassungVom=2026-02-14&Gesetzesnummer=10004569&Paragraf=7&Uebergangsrecht=
AT-KST-025,gewerbliche_einkuenfte,Welche Einkunftsart gilt bei § 7 Abs. 3-Körperschaften für alle Einkünfte?,Bei unter § 7 Abs. 3 KStG fallenden Steuerpflichtigen werden alle Einkünfte den Einkünften aus Gewerbebetrieb zugerechnet.,"KStG 1988 § 7 Einkommen, Einkommensermittlung",https://www.ris.bka.gv.at/NormDokument.wxe?Abfrage=Bundesnormen&Anlage=&Artikel=&FassungVom=2026-02-14&Gesetzesnummer=10004569&Paragraf=7&Uebergangsrecht=
AT-KST-026,gewerbliche_einkuenfte,Wie werden die Einkünfte von Körperschaften nach § 7 Abs. 3 KStG qualifiziert?,Bei unter § 7 Abs. 3 KStG fallenden Steuerpflichtigen werden alle Einkünfte den Einkünften aus Gewerbebetrieb zugerechnet.,"KStG 1988 § 7 Einkommen, Einkommensermittlung",https://www.ris.bka.gv.at/NormDokument.wxe?Abfrage=Bundesnormen&Anlage=&Artikel=&FassungVom=2026-02-14&Gesetzesnummer=10004569&Paragraf=7&Uebergangsrecht=
AT-KST-027,gewinnermittlung_paragraph_5,Für welche Körperschaften ist der Gewinn nach § 5 EStG zu ermitteln?,"Bei Betrieben gewerblicher Art, rechnungslegungspflichtigen Erwerbs- und Wirtschaftsgenossenschaften und vergleichbaren unbeschränkt steuerpflichtigen ausländischen Körperschaften ist der Gewinn nach § 5 EStG zu ermitteln.","KStG 1988 § 7 Einkommen, Einkommensermittlung",https://www.ris.bka.gv.at/NormDokument.wxe?Abfrage=Bundesnormen&Anlage=&Artikel=&FassungVom=2026-02-14&Gesetzesnummer=10004569&Paragraf=7&Uebergangsrecht=
AT-KST-028,gewinnermittlung_paragraph_5,Wann verweist § 7 KStG auf die Gewinnermittlung nach § 5 EStG?,"Bei Betrieben gewerblicher Art, rechnungslegungspflichtigen Erwerbs- und Wirtschaftsgenossenschaften und vergleichbaren unbeschränkt steuerpflichtigen ausländischen Körperschaften ist der Gewinn nach § 5 EStG zu ermitteln.","KStG 1988 § 7 Einkommen, Einkommensermittlung",https://www.ris.bka.gv.at/NormDokument.wxe?Abfrage=Bundesnormen&Anlage=&Artikel=&FassungVom=2026-02-14&Gesetzesnummer=10004569&Paragraf=7&Uebergangsrecht=
AT-KST-029,gewinnermittlungszeitraum,Was ist der Gewinnermittlungszeitraum bei der Körperschaftsteuer?,Gewinnermittlungszeitraum ist das Wirtschaftsjahr.,"KStG 1988 § 7 Einkommen, Einkommensermittlung",https://www.ris.bka.gv.at/NormDokument.wxe?Abfrage=Bundesnormen&Anlage=&Artikel=&FassungVom=2026-02-14&Gesetzesnummer=10004569&Paragraf=7&Uebergangsrecht=
AT-KST-030,gewinnermittlungszeitraum,Auf welchen Zeitraum bezieht sich die Gewinnermittlung nach § 7 KStG?,Gewinnermittlungszeitraum ist das Wirtschaftsjahr.,"KStG 1988 § 7 Einkommen, Einkommensermittlung",https://www.ris.bka.gv.at/NormDokument.wxe?Abfrage=Bundesnormen&Anlage=&Artikel=&FassungVom=2026-02-14&Gesetzesnummer=10004569&Paragraf=7&Uebergangsrecht=
AT-KST-031,wirtschaftsjahr_kalenderjahr,Entspricht das Wirtschaftsjahr immer dem Kalenderjahr?,Das Wirtschaftsjahr deckt sich grundsätzlich mit dem Kalenderjahr.,"KStG 1988 § 7 Einkommen, Einkommensermittlung",https://www.ris.bka.gv.at/NormDokument.wxe?Abfrage=Bundesnormen&Anlage=&Artikel=&FassungVom=2026-02-14&Gesetzesnummer=10004569&Paragraf=7&Uebergangsrecht=
AT-KST-032,wirtschaftsjahr_kalenderjahr,Was gilt nach § 7 KStG grundsätzlich für das Wirtschaftsjahr?,Das Wirtschaftsjahr deckt sich grundsätzlich mit dem Kalenderjahr.,"KStG 1988 § 7 Einkommen, Einkommensermittlung",https://www.ris.bka.gv.at/NormDokument.wxe?Abfrage=Bundesnormen&Anlage=&Artikel=&FassungVom=2026-02-14&Gesetzesnummer=10004569&Paragraf=7&Uebergangsrecht=
AT-KST-033,abweichendes_wirtschaftsjahr,Darf eine Körperschaft ein vom Kalenderjahr abweichendes Wirtschaftsjahr haben?,"Steuerpflichtige, die zur Rechnungslegung verpflichtet sind, dürfen ein vom Kalenderjahr abweichendes Wirtschaftsjahr haben.","KStG 1988 § 7 Einkommen, Einkommensermittlung",https://www.ris.bka.gv.at/NormDokument.wxe?Abfrage=Bundesnormen&Anlage=&Artikel=&FassungVom=2026-02-14&Gesetzesnummer=10004569&Paragraf=7&Uebergangsrecht=
AT-KST-034,abweichendes_wirtschaftsjahr,Unter welchen Voraussetzungen ist ein abweichendes Wirtschaftsjahr zulässig?,"Steuerpflichtige, die zur Rechnungslegung verpflichtet sind, dürfen ein vom Kalenderjahr abweichendes Wirtschaftsjahr haben.","KStG 1988 § 7 Einkommen, Einkommensermittlung",https://www.ris.bka.gv.at/NormDokument.wxe?Abfrage=Bundesnormen&Anlage=&Artikel=&FassungVom=2026-02-14&Gesetzesnummer=10004569&Paragraf=7&Uebergangsrecht=
AT-KST-035,zuordnung_abweichendes_wirtschaftsjahr,Welchem Kalenderjahr wird der Gewinn bei einem abweichenden Wirtschaftsjahr zugerechnet?,"Bei einem abweichenden Wirtschaftsjahr ist der Gewinn jenem Kalenderjahr zuzurechnen, in dem das Wirtschaftsjahr endet.","KStG 1988 § 7 Einkommen, Einkommensermittlung",https://www.ris.bka.gv.at/NormDokument.wxe?Abfrage=Bundesnormen&Anlage=&Artikel=&FassungVom=2026-02-14&Gesetzesnummer=10004569&Paragraf=7&Uebergangsrecht=
AT-KST-036,zuordnung_abweichendes_wirtschaftsjahr,Wie wird der Gewinn bei einem vom Kalenderjahr abweichenden Wirtschaftsjahr zeitlich zugeordnet?,"Bei einem abweichenden Wirtschaftsjahr ist der Gewinn jenem Kalenderjahr zuzurechnen, in dem das Wirtschaftsjahr endet.","KStG 1988 § 7 Einkommen, Einkommensermittlung",https://www.ris.bka.gv.at/NormDokument.wxe?Abfrage=Bundesnormen&Anlage=&Artikel=&FassungVom=2026-02-14&Gesetzesnummer=10004569&Paragraf=7&Uebergangsrecht=
AT-KST-037,einlagen_ausser_ansatz,Wie werden Einlagen von Gesellschaftern steuerlich behandelt?,Einlagen und Beiträge von Gesellschaftern oder Mitgliedern bleiben bei der Ermittlung des Einkommens grundsätzlich außer Ansatz.,"KStG 1988 § 8 Einlagen, Entnahmen und Einkommensverwendung",https://www.ris.bka.gv.at/NormDokument.wxe?Abfrage=Bundesnormen&Anlage=&Artikel=&FassungVom=2024-12-04&Gesetzesnummer=10004569&Paragraf=8&ShowPrintPreview=True&Uebergangsrecht=
AT-KST-038,einlagen_ausser_ansatz,Erhöhen Beiträge von Gesellschaftern unmittelbar das körperschaftsteuerliche Einkommen?,Einlagen und Beiträge von Gesellschaftern oder Mitgliedern bleiben bei der Ermittlung des Einkommens grundsätzlich außer Ansatz.,"KStG 1988 § 8 Einlagen, Entnahmen und Einkommensverwendung",https://www.ris.bka.gv.at/NormDokument.wxe?Abfrage=Bundesnormen&Anlage=&Artikel=&FassungVom=2024-12-04&Gesetzesnummer=10004569&Paragraf=8&ShowPrintPreview=True&Uebergangsrecht=
AT-KST-039,forderungsverzicht_gesellschafter,Wie wirkt sich ein Forderungsverzicht eines Gesellschafters steuerlich aus?,Bei einem Forderungsverzicht auf Seiten des Gesellschafters ist der nicht mehr werthaltige Teil der Forderung steuerwirksam.,"KStG 1988 § 8 Einlagen, Entnahmen und Einkommensverwendung",https://www.ris.bka.gv.at/NormDokument.wxe?Abfrage=Bundesnormen&Anlage=&Artikel=&FassungVom=2024-12-04&Gesetzesnummer=10004569&Paragraf=8&ShowPrintPreview=True&Uebergangsrecht=
AT-KST-040,forderungsverzicht_gesellschafter,Was gilt beim Forderungsverzicht des Gesellschafters für den nicht mehr werthaltigen Teil der Forderung?,Bei einem Forderungsverzicht auf Seiten des Gesellschafters ist der nicht mehr werthaltige Teil der Forderung steuerwirksam.,"KStG 1988 § 8 Einlagen, Entnahmen und Einkommensverwendung",https://www.ris.bka.gv.at/NormDokument.wxe?Abfrage=Bundesnormen&Anlage=&Artikel=&FassungVom=2024-12-04&Gesetzesnummer=10004569&Paragraf=8&ShowPrintPreview=True&Uebergangsrecht=
AT-KST-041,offene_ausschuettung,Beeinflussen offene Ausschüttungen die Ermittlung des körperschaftsteuerlichen Einkommens?,"Für die Ermittlung des Einkommens ist es ohne Bedeutung, ob das Einkommen im Wege offener Ausschüttungen verteilt wird.","KStG 1988 § 8 Einlagen, Entnahmen und Einkommensverwendung",https://www.ris.bka.gv.at/NormDokument.wxe?Abfrage=Bundesnormen&Anlage=&Artikel=&FassungVom=2024-12-04&Gesetzesnummer=10004569&Paragraf=8&ShowPrintPreview=True&Uebergangsrecht=
AT-KST-042,offene_ausschuettung,Ist eine offene Ausschüttung für die Einkommensermittlung relevant?,"Für die Ermittlung des Einkommens ist es ohne Bedeutung, ob das Einkommen im Wege offener Ausschüttungen verteilt wird.","KStG 1988 § 8 Einlagen, Entnahmen und Einkommensverwendung",https://www.ris.bka.gv.at/NormDokument.wxe?Abfrage=Bundesnormen&Anlage=&Artikel=&FassungVom=2024-12-04&Gesetzesnummer=10004569&Paragraf=8&ShowPrintPreview=True&Uebergangsrecht=
AT-KST-043,verdeckte_ausschuettung,Mindern verdeckte Ausschüttungen das steuerliche Einkommen der Körperschaft?,"Für die Ermittlung des Einkommens ist es ohne Bedeutung, ob das Einkommen verdeckt ausgeschüttet wird.","KStG 1988 § 8 Einlagen, Entnahmen und Einkommensverwendung",https://www.ris.bka.gv.at/NormDokument.wxe?Abfrage=Bundesnormen&Anlage=&Artikel=&FassungVom=2024-12-04&Gesetzesnummer=10004569&Paragraf=8&ShowPrintPreview=True&Uebergangsrecht=
AT-KST-044,verdeckte_ausschuettung,Spielt eine verdeckte Ausschüttung für die Einkommensermittlung eine Rolle?,"Für die Ermittlung des Einkommens ist es ohne Bedeutung, ob das Einkommen verdeckt ausgeschüttet wird.","KStG 1988 § 8 Einlagen, Entnahmen und Einkommensverwendung",https://www.ris.bka.gv.at/NormDokument.wxe?Abfrage=Bundesnormen&Anlage=&Artikel=&FassungVom=2024-12-04&Gesetzesnummer=10004569&Paragraf=8&ShowPrintPreview=True&Uebergangsrecht=
AT-KST-045,entnahmen_oder_verwendung,Sind Entnahmen oder sonstige Einkommensverwendungen für die Einkommensermittlung relevant?,"Für die Einkommensermittlung ist es auch ohne Bedeutung, ob das Einkommen entnommen oder in anderer Weise verwendet wird.","KStG 1988 § 8 Einlagen, Entnahmen und Einkommensverwendung",https://www.ris.bka.gv.at/NormDokument.wxe?Abfrage=Bundesnormen&Anlage=&Artikel=&FassungVom=2024-12-04&Gesetzesnummer=10004569&Paragraf=8&ShowPrintPreview=True&Uebergangsrecht=
AT-KST-046,entnahmen_oder_verwendung,Verändert eine andere Verwendung des Einkommens die körperschaftsteuerliche Bemessungsgrundlage?,"Für die Einkommensermittlung ist es auch ohne Bedeutung, ob das Einkommen entnommen oder in anderer Weise verwendet wird.","KStG 1988 § 8 Einlagen, Entnahmen und Einkommensverwendung",https://www.ris.bka.gv.at/NormDokument.wxe?Abfrage=Bundesnormen&Anlage=&Artikel=&FassungVom=2024-12-04&Gesetzesnummer=10004569&Paragraf=8&ShowPrintPreview=True&Uebergangsrecht=
AT-KST-047,verlustabzug_sonderausgabe,Ist der Verlustabzug bei Körperschaften als Sonderausgabe ausgestaltet?,"Der Verlustabzug ist als Sonderausgabe abzuziehen, soweit die gesetzlichen Voraussetzungen erfüllt sind.","KStG 1988 § 8 Einlagen, Entnahmen und Einkommensverwendung",https://www.ris.bka.gv.at/NormDokument.wxe?Abfrage=Bundesnormen&Anlage=&Artikel=&FassungVom=2024-12-04&Gesetzesnummer=10004569&Paragraf=8&ShowPrintPreview=True&Uebergangsrecht=
AT-KST-048,verlustabzug_sonderausgabe,Wie wird der Verlustabzug bei der Körperschaftsteuer berücksichtigt?,"Der Verlustabzug ist als Sonderausgabe abzuziehen, soweit die gesetzlichen Voraussetzungen erfüllt sind.","KStG 1988 § 8 Einlagen, Entnahmen und Einkommensverwendung",https://www.ris.bka.gv.at/NormDokument.wxe?Abfrage=Bundesnormen&Anlage=&Artikel=&FassungVom=2024-12-04&Gesetzesnummer=10004569&Paragraf=8&ShowPrintPreview=True&Uebergangsrecht=
AT-KST-049,verlustabzug_75_prozent,Gibt es beim Verlustabzug eine 75-Prozent-Grenze?,Der Verlustabzug steht grundsätzlich nur im Ausmaß von 75 Prozent des Gesamtbetrags der Einkünfte zu.,"KStG 1988 § 8 Einlagen, Entnahmen und Einkommensverwendung",https://www.ris.bka.gv.at/NormDokument.wxe?Abfrage=Bundesnormen&Anlage=&Artikel=&FassungVom=2024-12-04&Gesetzesnummer=10004569&Paragraf=8&ShowPrintPreview=True&Uebergangsrecht=
AT-KST-050,verlustabzug_75_prozent,In welchem Ausmaß dürfen Verlustvorträge grundsätzlich abgezogen werden?,Der Verlustabzug steht grundsätzlich nur im Ausmaß von 75 Prozent des Gesamtbetrags der Einkünfte zu.,"KStG 1988 § 8 Einlagen, Entnahmen und Einkommensverwendung",https://www.ris.bka.gv.at/NormDokument.wxe?Abfrage=Bundesnormen&Anlage=&Artikel=&FassungVom=2024-12-04&Gesetzesnummer=10004569&Paragraf=8&ShowPrintPreview=True&Uebergangsrecht=
AT-KST-051,mantelkauf,Wann geht der Verlustabzug wegen Mantelkaufs verloren?,"Der Verlustabzug steht ab jenem Zeitpunkt nicht mehr zu, ab dem die Identität des Steuerpflichtigen infolge einer wesentlichen Strukturänderung auf entgeltlicher Grundlage wirtschaftlich nicht mehr gegeben ist.","KStG 1988 § 8 Einlagen, Entnahmen und Einkommensverwendung",https://ris.bka.gv.at/eli/bgbl/1988/401/P8/NOR12052975
AT-KST-052,mantelkauf,Was bedeutet Mantelkauf für den Verlustabzug einer Körperschaft?,"Der Verlustabzug steht ab jenem Zeitpunkt nicht mehr zu, ab dem die Identität des Steuerpflichtigen infolge einer wesentlichen Strukturänderung auf entgeltlicher Grundlage wirtschaftlich nicht mehr gegeben ist.","KStG 1988 § 8 Einlagen, Entnahmen und Einkommensverwendung",https://ris.bka.gv.at/eli/bgbl/1988/401/P8/NOR12052975
AT-KST-053,mantelkauf_sanierungsausnahme,Gibt es bei Mantelkauf eine Sanierungsausnahme?,"Die Beschränkung beim Mantelkauf gilt nicht, wenn die Änderungen zur Sanierung des Steuerpflichtigen mit dem Ziel der Erhaltung eines wesentlichen Teils betrieblicher Arbeitsplätze erfolgen.","KStG 1988 § 8 Einlagen, Entnahmen und Einkommensverwendung",https://ris.bka.gv.at/eli/bgbl/1988/401/P8/NOR12052975
AT-KST-054,mantelkauf_sanierungsausnahme,Wann bleibt der Verlustabzug trotz wesentlicher Strukturänderung erhalten?,"Die Beschränkung beim Mantelkauf gilt nicht, wenn die Änderungen zur Sanierung des Steuerpflichtigen mit dem Ziel der Erhaltung eines wesentlichen Teils betrieblicher Arbeitsplätze erfolgen.","KStG 1988 § 8 Einlagen, Entnahmen und Einkommensverwendung",https://ris.bka.gv.at/eli/bgbl/1988/401/P8/NOR12052975
AT-KST-055,stille_reserven_ausnahme,Welche Rolle spielen stille Reserven beim Verlustabzug nach Strukturänderungen?,"Verluste bleiben jedenfalls insoweit abzugsfähig, als bis zum Ende des Wirtschaftsjahres der Änderung stille Reserven steuerwirksam aufgedeckt werden.","KStG 1988 § 8 Einlagen, Entnahmen und Einkommensverwendung",https://ris.bka.gv.at/eli/bgbl/1988/401/P8/NOR12052975
AT-KST-056,stille_reserven_ausnahme,Können Verluste trotz Strukturänderung teilweise abzugsfähig bleiben?,"Verluste bleiben jedenfalls insoweit abzugsfähig, als bis zum Ende des Wirtschaftsjahres der Änderung stille Reserven steuerwirksam aufgedeckt werden.","KStG 1988 § 8 Einlagen, Entnahmen und Einkommensverwendung",https://ris.bka.gv.at/eli/bgbl/1988/401/P8/NOR12052975
AT-KST-057,unternehmensgruppe_grundidee,Was ist die Grundidee der Gruppenbesteuerung?,Finanziell verbundene Körperschaften können nach Maßgabe des § 9 KStG eine Unternehmensgruppe bilden.,KStG 1988 § 9 Unternehmensgruppen,https://www.ris.bka.gv.at/NormDokument.wxe?Abfrage=Bundesnormen&Anlage=&Artikel=&FassungVom=2026-02-19&Gesetzesnummer=10004569&Paragraf=9&ShowPrintPreview=True&Uebergangsrecht=
AT-KST-058,unternehmensgruppe_grundidee,Wann kann eine Unternehmensgruppe im Sinn des KStG gebildet werden?,Finanziell verbundene Körperschaften können nach Maßgabe des § 9 KStG eine Unternehmensgruppe bilden.,KStG 1988 § 9 Unternehmensgruppen,https://www.ris.bka.gv.at/NormDokument.wxe?Abfrage=Bundesnormen&Anlage=&Artikel=&FassungVom=2026-02-19&Gesetzesnummer=10004569&Paragraf=9&ShowPrintPreview=True&Uebergangsrecht=
AT-KST-059,ergebniszurechnung_stichtag,Nach welchem Stichtag erfolgt die Ergebniszurechnung in der Unternehmensgruppe?,"Das steuerlich maßgebende Ergebnis eines Gruppenmitglieds wird jenem Wirtschaftsjahr des beteiligten Gruppenmitglieds oder Gruppenträgers zugerechnet, in das der Bilanzstichtag des Gruppenmitglieds fällt.",KStG 1988 § 9 Unternehmensgruppen,https://www.ris.bka.gv.at/NormDokument.wxe?Abfrage=Bundesnormen&Anlage=&Artikel=&FassungVom=2026-02-19&Gesetzesnummer=10004569&Paragraf=9&ShowPrintPreview=True&Uebergangsrecht=
AT-KST-060,ergebniszurechnung_stichtag,Wie bestimmt sich das Zurechnungsjahr des Ergebnisses eines Gruppenmitglieds?,"Das steuerlich maßgebende Ergebnis eines Gruppenmitglieds wird jenem Wirtschaftsjahr des beteiligten Gruppenmitglieds oder Gruppenträgers zugerechnet, in das der Bilanzstichtag des Gruppenmitglieds fällt.",KStG 1988 § 9 Unternehmensgruppen,https://www.ris.bka.gv.at/NormDokument.wxe?Abfrage=Bundesnormen&Anlage=&Artikel=&FassungVom=2026-02-19&Gesetzesnummer=10004569&Paragraf=9&ShowPrintPreview=True&Uebergangsrecht=
AT-KST-061,gruppenmitglieder_inland,Welche inländischen Körperschaften können Gruppenmitglieder sein?,"Gruppenmitglieder können unbeschränkt steuerpflichtige Kapitalgesellschaften und Erwerbs- und Wirtschaftsgenossenschaften sein, die unter § 7 Abs. 3 KStG fallen.",KStG 1988 § 9 Unternehmensgruppen,https://www.ris.bka.gv.at/NormDokument.wxe?Abfrage=Bundesnormen&Anlage=&Artikel=&FassungVom=2026-02-19&Gesetzesnummer=10004569&Paragraf=9&ShowPrintPreview=True&Uebergangsrecht=
AT-KST-062,gruppenmitglieder_inland,Wer kann als inländisches Gruppenmitglied einer Unternehmensgruppe auftreten?,"Gruppenmitglieder können unbeschränkt steuerpflichtige Kapitalgesellschaften und Erwerbs- und Wirtschaftsgenossenschaften sein, die unter § 7 Abs. 3 KStG fallen.",KStG 1988 § 9 Unternehmensgruppen,https://www.ris.bka.gv.at/NormDokument.wxe?Abfrage=Bundesnormen&Anlage=&Artikel=&FassungVom=2026-02-19&Gesetzesnummer=10004569&Paragraf=9&ShowPrintPreview=True&Uebergangsrecht=
AT-KST-063,gruppenmitglieder_ausland,Können auch ausländische Körperschaften Gruppenmitglieder sein?,"Auch vergleichbare nicht unbeschränkt steuerpflichtige Körperschaften können Gruppenmitglieder sein, wenn sie in einem EU-Mitgliedstaat oder in einem Staat mit umfassender Amtshilfe ansässig und ausschließlich finanziell mit der Gruppe verbunden sind.",KStG 1988 § 9 Unternehmensgruppen,https://www.ris.bka.gv.at/NormDokument.wxe?Abfrage=Bundesnormen&Anlage=&Artikel=&FassungVom=2026-02-19&Gesetzesnummer=10004569&Paragraf=9&ShowPrintPreview=True&Uebergangsrecht=
AT-KST-064,gruppenmitglieder_ausland,Unter welchen Voraussetzungen kommen ausländische Körperschaften als Gruppenmitglieder in Betracht?,"Auch vergleichbare nicht unbeschränkt steuerpflichtige Körperschaften können Gruppenmitglieder sein, wenn sie in einem EU-Mitgliedstaat oder in einem Staat mit umfassender Amtshilfe ansässig und ausschließlich finanziell mit der Gruppe verbunden sind.",KStG 1988 § 9 Unternehmensgruppen,https://www.ris.bka.gv.at/NormDokument.wxe?Abfrage=Bundesnormen&Anlage=&Artikel=&FassungVom=2026-02-19&Gesetzesnummer=10004569&Paragraf=9&ShowPrintPreview=True&Uebergangsrecht=
AT-KST-065,mitbeteiligte,Dürfen Gruppenmitglieder Mitbeteiligte einer Beteiligungsgemeinschaft sein?,Gruppenmitglieder können nicht Mitbeteiligte einer Beteiligungsgemeinschaft sein.,KStG 1988 § 9 Unternehmensgruppen,https://www.ris.bka.gv.at/NormDokument.wxe?Abfrage=Bundesnormen&Anlage=&Artikel=&FassungVom=2026-02-19&Gesetzesnummer=10004569&Paragraf=9&ShowPrintPreview=True&Uebergangsrecht=
AT-KST-066,mitbeteiligte,Gibt es bei Gruppenmitgliedern ein Verbot der Mitbeteiligung an Beteiligungsgemeinschaften?,Gruppenmitglieder können nicht Mitbeteiligte einer Beteiligungsgemeinschaft sein.,KStG 1988 § 9 Unternehmensgruppen,https://www.ris.bka.gv.at/NormDokument.wxe?Abfrage=Bundesnormen&Anlage=&Artikel=&FassungVom=2026-02-19&Gesetzesnummer=10004569&Paragraf=9&ShowPrintPreview=True&Uebergangsrecht=
AT-KST-067,gruppenantrag,Welche formelle Voraussetzung braucht die Gruppenbildung?,Formelle Voraussetzung für die Gruppenbildung ist ein Gruppenantrag und eine bescheidmäßige Feststellung des Vorliegens der Voraussetzungen.,"BMF UmgrStR 2002, Gruppenbesteuerung",https://findok.bmf.gv.at/findok/resources/pdf/22214ba8-5d75-4a66-8fa3-dcb32d7d8df1/19961.15.1.pdf
AT-KST-068,gruppenantrag,Was ist für die Gründung einer steuerlichen Unternehmensgruppe formal erforderlich?,Formelle Voraussetzung für die Gruppenbildung ist ein Gruppenantrag und eine bescheidmäßige Feststellung des Vorliegens der Voraussetzungen.,"BMF UmgrStR 2002, Gruppenbesteuerung",https://findok.bmf.gv.at/findok/resources/pdf/22214ba8-5d75-4a66-8fa3-dcb32d7d8df1/19961.15.1.pdf
AT-KST-069,gruppentraeger,Wer kann Gruppenträger einer Unternehmensgruppe sein?,Gruppenträger können unbeschränkt steuerpflichtige operative oder vermögensverwaltende Kapitalgesellschaften und unter § 7 Abs. 3 KStG fallende Genossenschaften sein.,"BMF UmgrStR 2002, Gruppenbesteuerung",https://findok.bmf.gv.at/findok/resources/pdf/22214ba8-5d75-4a66-8fa3-dcb32d7d8df1/19961.15.1.pdf
AT-KST-070,gruppentraeger,Welche Körperschaften kommen als Gruppenträger in Betracht?,Gruppenträger können unbeschränkt steuerpflichtige operative oder vermögensverwaltende Kapitalgesellschaften und unter § 7 Abs. 3 KStG fallende Genossenschaften sein.,"BMF UmgrStR 2002, Gruppenbesteuerung",https://findok.bmf.gv.at/findok/resources/pdf/22214ba8-5d75-4a66-8fa3-dcb32d7d8df1/19961.15.1.pdf
AT-KST-071,gruppenbesteuerung_ebenenzurechnung,Wie funktioniert die Ebenenzurechnung in der Gruppenbesteuerung?,"Die Gruppenbesteuerung erfolgt in einer Ebenenzurechnung, bei der das Einkommen vom unteren Gruppenmitglied stufenweise bis zum Gruppenträger zugerechnet wird.","BMF UmgrStR 2002, Gruppenbesteuerung",https://findok.bmf.gv.at/findok/resources/pdf/22214ba8-5d75-4a66-8fa3-dcb32d7d8df1/19961.15.1.pdf
AT-KST-072,gruppenbesteuerung_ebenenzurechnung,Nach welchem Prinzip werden Ergebnisse in der Unternehmensgruppe zugerechnet?,"Die Gruppenbesteuerung erfolgt in einer Ebenenzurechnung, bei der das Einkommen vom unteren Gruppenmitglied stufenweise bis zum Gruppenträger zugerechnet wird.","BMF UmgrStR 2002, Gruppenbesteuerung",https://findok.bmf.gv.at/findok/resources/pdf/22214ba8-5d75-4a66-8fa3-dcb32d7d8df1/19961.15.1.pdf
AT-KST-073,gruppenmitglieder_100_prozent,In welchem Umfang wird das Einkommen inländischer Gruppenmitglieder zugerechnet?,Die Zurechnung inländischer Gruppenmitglieder bezieht sich stets auf 100 Prozent des Einkommens.,"BMF UmgrStR 2002, Gruppenbesteuerung",https://findok.bmf.gv.at/findok/resources/pdf/22214ba8-5d75-4a66-8fa3-dcb32d7d8df1/19961.15.1.pdf
AT-KST-074,gruppenmitglieder_100_prozent,Erfolgt die Zurechnung bei inländischen Gruppenmitgliedern aliquot oder vollständig?,Die Zurechnung inländischer Gruppenmitglieder bezieht sich stets auf 100 Prozent des Einkommens.,"BMF UmgrStR 2002, Gruppenbesteuerung",https://findok.bmf.gv.at/findok/resources/pdf/22214ba8-5d75-4a66-8fa3-dcb32d7d8df1/19961.15.1.pdf
AT-KST-075,beteiligungsertraege_befreit,Sind Beteiligungserträge körperschaftsteuerfrei?,Beteiligungserträge sind nach § 10 KStG grundsätzlich von der Körperschaftsteuer befreit.,KStG 1988 § 10 Befreiung für Beteiligungserträge und internationale Schachtelbeteiligungen,https://www.ris.bka.gv.at/NormDokument.wxe?Abfrage=Bundesnormen&Anlage=&Artikel=&FassungVom=2026-02-19&Gesetzesnummer=10004569&Paragraf=10&ShowPrintPreview=True&Uebergangsrecht=
AT-KST-076,beteiligungsertraege_befreit,Wie behandelt § 10 KStG Beteiligungserträge grundsätzlich?,Beteiligungserträge sind nach § 10 KStG grundsätzlich von der Körperschaftsteuer befreit.,KStG 1988 § 10 Befreiung für Beteiligungserträge und internationale Schachtelbeteiligungen,https://www.ris.bka.gv.at/NormDokument.wxe?Abfrage=Bundesnormen&Anlage=&Artikel=&FassungVom=2026-02-19&Gesetzesnummer=10004569&Paragraf=10&ShowPrintPreview=True&Uebergangsrecht=
AT-KST-077,inlaendische_dividenden,Wie werden Dividenden aus inländischen Kapitalgesellschaften behandelt?,Gewinnanteile aus Beteiligungen an inländischen Kapitalgesellschaften und Erwerbs- und Wirtschaftsgenossenschaften gehören zu den befreiten Beteiligungserträgen.,KStG 1988 § 10 Befreiung für Beteiligungserträge und internationale Schachtelbeteiligungen,https://www.ris.bka.gv.at/NormDokument.wxe?Abfrage=Bundesnormen&Anlage=&Artikel=&FassungVom=2026-02-19&Gesetzesnummer=10004569&Paragraf=10&ShowPrintPreview=True&Uebergangsrecht=
AT-KST-078,inlaendische_dividenden,Sind Gewinnanteile aus inländischen Kapitalgesellschaften Beteiligungserträge im Sinn des § 10 KStG?,Gewinnanteile aus Beteiligungen an inländischen Kapitalgesellschaften und Erwerbs- und Wirtschaftsgenossenschaften gehören zu den befreiten Beteiligungserträgen.,KStG 1988 § 10 Befreiung für Beteiligungserträge und internationale Schachtelbeteiligungen,https://www.ris.bka.gv.at/NormDokument.wxe?Abfrage=Bundesnormen&Anlage=&Artikel=&FassungVom=2026-02-19&Gesetzesnummer=10004569&Paragraf=10&ShowPrintPreview=True&Uebergangsrecht=
AT-KST-079,genossenschaftsrueckverguetungen,Zählen Rückvergütungen von Erwerbs- und Wirtschaftsgenossenschaften zu den Beteiligungserträgen?,Rückvergütungen von inländischen Erwerbs- und Wirtschaftsgenossenschaften nach § 8 Abs. 3 Z 2 zählen zu den Beteiligungserträgen.,KStG 1988 § 10 Befreiung für Beteiligungserträge und internationale Schachtelbeteiligungen,https://www.ris.bka.gv.at/NormDokument.wxe?Abfrage=Bundesnormen&Anlage=&Artikel=&FassungVom=2026-02-19&Gesetzesnummer=10004569&Paragraf=10&ShowPrintPreview=True&Uebergangsrecht=
AT-KST-080,genossenschaftsrueckverguetungen,Wie behandelt § 10 KStG Rückvergütungen von inländischen Genossenschaften?,Rückvergütungen von inländischen Erwerbs- und Wirtschaftsgenossenschaften nach § 8 Abs. 3 Z 2 zählen zu den Beteiligungserträgen.,KStG 1988 § 10 Befreiung für Beteiligungserträge und internationale Schachtelbeteiligungen,https://www.ris.bka.gv.at/NormDokument.wxe?Abfrage=Bundesnormen&Anlage=&Artikel=&FassungVom=2026-02-19&Gesetzesnummer=10004569&Paragraf=10&ShowPrintPreview=True&Uebergangsrecht=
AT-KST-081,agrargemeinschaften,Können auch Bezüge aus bestimmten körperschaftlich organisierten Personengemeinschaften Beteiligungserträge sein?,Auch Bezüge aus Anteilen an körperschaftlich organisierten Personengemeinschaften im Sinne des § 10 Abs. 1 Z 2 KStG zählen zu den Beteiligungserträgen.,KStG 1988 § 10 Befreiung für Beteiligungserträge und internationale Schachtelbeteiligungen,https://www.ris.bka.gv.at/NormDokument.wxe?Abfrage=Bundesnormen&Anlage=&Artikel=&FassungVom=2026-02-19&Gesetzesnummer=10004569&Paragraf=10&ShowPrintPreview=True&Uebergangsrecht=
AT-KST-082,agrargemeinschaften,Wie behandelt § 10 KStG Bezüge aus körperschaftlich organisierten Personengemeinschaften?,Auch Bezüge aus Anteilen an körperschaftlich organisierten Personengemeinschaften im Sinne des § 10 Abs. 1 Z 2 KStG zählen zu den Beteiligungserträgen.,KStG 1988 § 10 Befreiung für Beteiligungserträge und internationale Schachtelbeteiligungen,https://www.ris.bka.gv.at/NormDokument.wxe?Abfrage=Bundesnormen&Anlage=&Artikel=&FassungVom=2026-02-19&Gesetzesnummer=10004569&Paragraf=10&ShowPrintPreview=True&Uebergangsrecht=
AT-KST-083,genussrechte,Zählen Gewinnanteile aus Genussrechten zu den Beteiligungserträgen?,Gewinnanteile aus inländischen Genussrechten und sonstigen Finanzierungsinstrumenten gemäß § 8 Abs. 3 Z 1 zweiter Teilstrich zählen zu den Beteiligungserträgen.,KStG 1988 § 10 Befreiung für Beteiligungserträge und internationale Schachtelbeteiligungen,https://www.ris.bka.gv.at/NormDokument.wxe?Abfrage=Bundesnormen&Anlage=&Artikel=&FassungVom=2026-02-19&Gesetzesnummer=10004569&Paragraf=10&ShowPrintPreview=True&Uebergangsrecht=
AT-KST-084,genussrechte,Sind Erträge aus bestimmten inländischen Finanzierungsinstrumenten nach § 10 KStG begünstigt?,Gewinnanteile aus inländischen Genussrechten und sonstigen Finanzierungsinstrumenten gemäß § 8 Abs. 3 Z 1 zweiter Teilstrich zählen zu den Beteiligungserträgen.,KStG 1988 § 10 Befreiung für Beteiligungserträge und internationale Schachtelbeteiligungen,https://www.ris.bka.gv.at/NormDokument.wxe?Abfrage=Bundesnormen&Anlage=&Artikel=&FassungVom=2026-02-19&Gesetzesnummer=10004569&Paragraf=10&ShowPrintPreview=True&Uebergangsrecht=
AT-KST-085,partizipationskapital,Sind Erträge aus Partizipationskapital Beteiligungserträge?,Gewinnanteile aus Partizipationskapital zählen nach § 10 KStG ebenfalls zu den Beteiligungserträgen.,KStG 1988 § 10 Befreiung für Beteiligungserträge und internationale Schachtelbeteiligungen,https://www.ris.bka.gv.at/NormDokument.wxe?Abfrage=Bundesnormen&Anlage=&Artikel=&FassungVom=2026-02-19&Gesetzesnummer=10004569&Paragraf=10&ShowPrintPreview=True&Uebergangsrecht=
AT-KST-086,partizipationskapital,Wie ordnet § 10 KStG Gewinnanteile aus Partizipationskapital ein?,Gewinnanteile aus Partizipationskapital zählen nach § 10 KStG ebenfalls zu den Beteiligungserträgen.,KStG 1988 § 10 Befreiung für Beteiligungserträge und internationale Schachtelbeteiligungen,https://www.ris.bka.gv.at/NormDokument.wxe?Abfrage=Bundesnormen&Anlage=&Artikel=&FassungVom=2026-02-19&Gesetzesnummer=10004569&Paragraf=10&ShowPrintPreview=True&Uebergangsrecht=
AT-KST-087,auslaendische_beteiligungsertraege,Können auch Gewinnanteile aus ausländischen Körperschaften steuerfrei sein?,"Bestimmte Gewinnanteile aus ausländischen Körperschaften können ebenfalls steuerfreie Beteiligungserträge sein, wenn die gesetzlichen Voraussetzungen erfüllt sind.",KStG 1988 § 10 Befreiung für Beteiligungserträge und internationale Schachtelbeteiligungen,https://www.ris.bka.gv.at/NormDokument.wxe?Abfrage=Bundesnormen&Anlage=&Artikel=&FassungVom=2026-02-19&Gesetzesnummer=10004569&Paragraf=10&ShowPrintPreview=True&Uebergangsrecht=
AT-KST-088,auslaendische_beteiligungsertraege,Erfasst § 10 KStG nur inländische oder auch bestimmte ausländische Beteiligungserträge?,"Bestimmte Gewinnanteile aus ausländischen Körperschaften können ebenfalls steuerfreie Beteiligungserträge sein, wenn die gesetzlichen Voraussetzungen erfüllt sind.",KStG 1988 § 10 Befreiung für Beteiligungserträge und internationale Schachtelbeteiligungen,https://www.ris.bka.gv.at/NormDokument.wxe?Abfrage=Bundesnormen&Anlage=&Artikel=&FassungVom=2026-02-19&Gesetzesnummer=10004569&Paragraf=10&ShowPrintPreview=True&Uebergangsrecht=
AT-KST-089,internationale_schachtelbeteiligung,Was ist der Zusammenhang zwischen § 10 KStG und der internationalen Schachtelbeteiligung?,Die internationale Schachtelbeteiligung ist Teil des Befreiungssystems für Beteiligungserträge nach § 10 KStG.,KStG 1988 § 10 Befreiung für Beteiligungserträge und internationale Schachtelbeteiligungen,https://www.ris.bka.gv.at/NormDokument.wxe?Abfrage=Bundesnormen&Anlage=&Artikel=&FassungVom=2026-02-19&Gesetzesnummer=10004569&Paragraf=10&ShowPrintPreview=True&Uebergangsrecht=
AT-KST-090,internationale_schachtelbeteiligung,Gehört die internationale Schachtelbeteiligung zum Beteiligungsertragsregime?,Die internationale Schachtelbeteiligung ist Teil des Befreiungssystems für Beteiligungserträge nach § 10 KStG.,KStG 1988 § 10 Befreiung für Beteiligungserträge und internationale Schachtelbeteiligungen,https://www.ris.bka.gv.at/NormDokument.wxe?Abfrage=Bundesnormen&Anlage=&Artikel=&FassungVom=2026-02-19&Gesetzesnummer=10004569&Paragraf=10&ShowPrintPreview=True&Uebergangsrecht=
AT-KST-091,einlagen_aufwendungen,Sind Aufwendungen im Zusammenhang mit Einlagen bei § 7 Abs. 3-Körperschaften abzugsfähig?,"Bei unter § 7 Abs. 3 KStG fallenden Steuerpflichtigen gelten Aufwendungen als Betriebsausgaben, soweit sie mit Einlagen und Beiträgen nach § 8 Abs. 1 in unmittelbarem wirtschaftlichen Zusammenhang stehen.",KStG 1988 § 11 Abzugsfähige Aufwendungen und Ausgaben,https://ris.bka.gv.at/NormDokument.wxe?Abfrage=Bundesnormen&Anlage=&Artikel=&FassungVom=2026-02-27&Gesetzesnummer=10004569&Paragraf=11&ShowPrintPreview=True&Uebergangsrecht=
AT-KST-092,einlagen_aufwendungen,Wann sind Aufwendungen im Zusammenhang mit Einlagen als Betriebsausgaben anzuerkennen?,"Bei unter § 7 Abs. 3 KStG fallenden Steuerpflichtigen gelten Aufwendungen als Betriebsausgaben, soweit sie mit Einlagen und Beiträgen nach § 8 Abs. 1 in unmittelbarem wirtschaftlichen Zusammenhang stehen.",KStG 1988 § 11 Abzugsfähige Aufwendungen und Ausgaben,https://ris.bka.gv.at/NormDokument.wxe?Abfrage=Bundesnormen&Anlage=&Artikel=&FassungVom=2026-02-27&Gesetzesnummer=10004569&Paragraf=11&ShowPrintPreview=True&Uebergangsrecht=
AT-KST-093,teilweise_befreite_koerperschaften,Wie werden Aufwendungen bei teilweise steuerbefreiten Körperschaften behandelt?,"Ist eine nach § 5 oder nach anderen Bundesgesetzen befreite Körperschaft nur teilweise unbeschränkt steuerpflichtig, dürfen Aufwendungen nur insoweit abgezogen werden, als sie mit steuerpflichtigen Erträgen und Einnahmen unmittelbar zusammenhängen.",KStG 1988 § 11 Abzugsfähige Aufwendungen und Ausgaben,https://ris.bka.gv.at/NormDokument.wxe?Abfrage=Bundesnormen&Anlage=&Artikel=&FassungVom=2026-02-27&Gesetzesnummer=10004569&Paragraf=11&ShowPrintPreview=True&Uebergangsrecht=
AT-KST-094,teilweise_befreite_koerperschaften,Dürfen teilweise steuerpflichtige befreite Körperschaften alle Aufwendungen abziehen?,"Ist eine nach § 5 oder nach anderen Bundesgesetzen befreite Körperschaft nur teilweise unbeschränkt steuerpflichtig, dürfen Aufwendungen nur insoweit abgezogen werden, als sie mit steuerpflichtigen Erträgen und Einnahmen unmittelbar zusammenhängen.",KStG 1988 § 11 Abzugsfähige Aufwendungen und Ausgaben,https://ris.bka.gv.at/NormDokument.wxe?Abfrage=Bundesnormen&Anlage=&Artikel=&FassungVom=2026-02-27&Gesetzesnummer=10004569&Paragraf=11&ShowPrintPreview=True&Uebergangsrecht=
AT-KST-095,versicherungsunternehmen,Welche besonderen Betriebsausgaben gelten bei Versicherungsunternehmen?,Bei Versicherungsunternehmen gelten Zuführungen zu versicherungstechnischen Rückstellungen und Rücklagen sowie Prämienrückerstattungen nach §§ 15 bis 17 KStG als Betriebsausgaben.,KStG 1988 § 11 Abzugsfähige Aufwendungen und Ausgaben,https://ris.bka.gv.at/NormDokument.wxe?Abfrage=Bundesnormen&Anlage=&Artikel=&FassungVom=2026-02-27&Gesetzesnummer=10004569&Paragraf=11&ShowPrintPreview=True&Uebergangsrecht=
AT-KST-096,versicherungsunternehmen,Sind versicherungstechnische Rückstellungen bei Versicherungsunternehmen abzugsfähig?,Bei Versicherungsunternehmen gelten Zuführungen zu versicherungstechnischen Rückstellungen und Rücklagen sowie Prämienrückerstattungen nach §§ 15 bis 17 KStG als Betriebsausgaben.,KStG 1988 § 11 Abzugsfähige Aufwendungen und Ausgaben,https://ris.bka.gv.at/NormDokument.wxe?Abfrage=Bundesnormen&Anlage=&Artikel=&FassungVom=2026-02-27&Gesetzesnummer=10004569&Paragraf=11&ShowPrintPreview=True&Uebergangsrecht=
AT-KST-097,fremdfinanzierungszinsen_beteiligungserwerb,Sind Fremdfinanzierungszinsen für den Erwerb von Kapitalanteilen abzugsfähig?,"Zinsen im Zusammenhang mit der Fremdfinanzierung des Erwerbs von Kapitalanteilen im Sinne des § 10 KStG sind abzugsfähig, soweit die Anteile zum Betriebsvermögen zählen.",KStG 1988 § 11 Abzugsfähige Aufwendungen und Ausgaben,https://ris.bka.gv.at/NormDokument.wxe?Abfrage=Bundesnormen&Anlage=&Artikel=&FassungVom=2026-02-27&Gesetzesnummer=10004569&Paragraf=11&ShowPrintPreview=True&Uebergangsrecht=
AT-KST-098,fremdfinanzierungszinsen_beteiligungserwerb,Wann dürfen Zinsen für fremdfinanzierte Beteiligungserwerbe als Betriebsausgabe abgezogen werden?,"Zinsen im Zusammenhang mit der Fremdfinanzierung des Erwerbs von Kapitalanteilen im Sinne des § 10 KStG sind abzugsfähig, soweit die Anteile zum Betriebsvermögen zählen.",KStG 1988 § 11 Abzugsfähige Aufwendungen und Ausgaben,https://ris.bka.gv.at/NormDokument.wxe?Abfrage=Bundesnormen&Anlage=&Artikel=&FassungVom=2026-02-27&Gesetzesnummer=10004569&Paragraf=11&ShowPrintPreview=True&Uebergangsrecht=
AT-KST-099,geldbeschaffungskosten,Sind Geldbeschaffungs- und Nebenkosten nach § 11 KStG abzugsfähig?,Nicht abgezogen werden dürfen Geldbeschaffungs- und Nebenkosten sowie bestimmte in § 12 Abs. 1 Z 9 oder 10 genannte Aufwendungen.,KStG 1988 § 11 Abzugsfähige Aufwendungen und Ausgaben,https://ris.bka.gv.at/NormDokument.wxe?Abfrage=Bundesnormen&Anlage=&Artikel=&FassungVom=2026-02-27&Gesetzesnummer=10004569&Paragraf=11&ShowPrintPreview=True&Uebergangsrecht=
AT-KST-100,geldbeschaffungskosten,Welche Kosten bleiben trotz Beteiligungsfinanzierung vom Abzug ausgeschlossen?,Nicht abgezogen werden dürfen Geldbeschaffungs- und Nebenkosten sowie bestimmte in § 12 Abs. 1 Z 9 oder 10 genannte Aufwendungen.,KStG 1988 § 11 Abzugsfähige Aufwendungen und Ausgaben,https://ris.bka.gv.at/NormDokument.wxe?Abfrage=Bundesnormen&Anlage=&Artikel=&FassungVom=2026-02-27&Gesetzesnummer=10004569&Paragraf=11&ShowPrintPreview=True&Uebergangsrecht=
AT-KST-101,satzungszwecke,Sind Aufwendungen für satzungs- oder stiftungsmäßige Zwecke abzugsfähig?,"Aufwendungen für Zwecke des Steuerpflichtigen, die durch Stiftung, Satzung oder sonstige Verfassung vorgeschrieben sind, dürfen nicht abgezogen werden.",KStG 1988 § 12 Nichtabzugsfähige Aufwendungen und Ausgaben,https://www.ris.bka.gv.at/NormDokument.wxe?Abfrage=Bundesnormen&Anlage=&Artikel=&FassungVom=2026-01-16&Gesetzesnummer=10004569&Paragraf=12&Uebergangsrecht=
AT-KST-102,satzungszwecke,Wie behandelt § 12 KStG Aufwendungen für durch die Verfassung des Steuerpflichtigen vorgegebene Zwecke?,"Aufwendungen für Zwecke des Steuerpflichtigen, die durch Stiftung, Satzung oder sonstige Verfassung vorgeschrieben sind, dürfen nicht abgezogen werden.",KStG 1988 § 12 Nichtabzugsfähige Aufwendungen und Ausgaben,https://www.ris.bka.gv.at/NormDokument.wxe?Abfrage=Bundesnormen&Anlage=&Artikel=&FassungVom=2026-01-16&Gesetzesnummer=10004569&Paragraf=12&Uebergangsrecht=
AT-KST-103,privatstiftung_beguenstigte,Kann eine Privatstiftung Zuwendungen an Begünstigte als Sonderausgaben abziehen?,Eine Privatstiftung kann Zuwendungen an Begünstigte und Letztbegünstigte auch nicht als Sonderausgaben abziehen.,KStG 1988 § 12 Nichtabzugsfähige Aufwendungen und Ausgaben,https://www.ris.bka.gv.at/NormDokument.wxe?Abfrage=Bundesnormen&Anlage=&Artikel=&FassungVom=2026-01-16&Gesetzesnummer=10004569&Paragraf=12&Uebergangsrecht=
AT-KST-104,privatstiftung_beguenstigte,Wie behandelt § 12 KStG Zuwendungen einer Privatstiftung an Begünstigte?,Eine Privatstiftung kann Zuwendungen an Begünstigte und Letztbegünstigte auch nicht als Sonderausgaben abziehen.,KStG 1988 § 12 Nichtabzugsfähige Aufwendungen und Ausgaben,https://www.ris.bka.gv.at/NormDokument.wxe?Abfrage=Bundesnormen&Anlage=&Artikel=&FassungVom=2026-01-16&Gesetzesnummer=10004569&Paragraf=12&Uebergangsrecht=
AT-KST-105,unangemessen_hohe_aufwendungen,Sind unangemessen hohe Aufwendungen abzugsfähig?,"Aufwendungen nach § 20 Abs. 1 Z 2 lit. b EStG, die nach allgemeiner Verkehrsauffassung unangemessen hoch sind, dürfen nicht abgezogen werden.",KStG 1988 § 12 Nichtabzugsfähige Aufwendungen und Ausgaben,https://www.ris.bka.gv.at/NormDokument.wxe?Abfrage=Bundesnormen&Anlage=&Artikel=&FassungVom=2026-01-16&Gesetzesnummer=10004569&Paragraf=12&Uebergangsrecht=
AT-KST-106,unangemessen_hohe_aufwendungen,Wie geht § 12 KStG mit unangemessen hohen Aufwendungen um?,"Aufwendungen nach § 20 Abs. 1 Z 2 lit. b EStG, die nach allgemeiner Verkehrsauffassung unangemessen hoch sind, dürfen nicht abgezogen werden.",KStG 1988 § 12 Nichtabzugsfähige Aufwendungen und Ausgaben,https://www.ris.bka.gv.at/NormDokument.wxe?Abfrage=Bundesnormen&Anlage=&Artikel=&FassungVom=2026-01-16&Gesetzesnummer=10004569&Paragraf=12&Uebergangsrecht=
AT-KST-107,repraesentationsaufwendungen,Sind Repräsentationsaufwendungen körperschaftsteuerlich abzugsfähig?,Repräsentationsaufwendungen nach § 20 Abs. 1 Z 3 EStG sind nicht abzugsfähig.,KStG 1988 § 12 Nichtabzugsfähige Aufwendungen und Ausgaben,https://www.ris.bka.gv.at/NormDokument.wxe?Abfrage=Bundesnormen&Anlage=&Artikel=&FassungVom=2026-01-16&Gesetzesnummer=10004569&Paragraf=12&Uebergangsrecht=
AT-KST-108,repraesentationsaufwendungen,Wie behandelt § 12 KStG Repräsentationsaufwendungen?,Repräsentationsaufwendungen nach § 20 Abs. 1 Z 3 EStG sind nicht abzugsfähig.,KStG 1988 § 12 Nichtabzugsfähige Aufwendungen und Ausgaben,https://www.ris.bka.gv.at/NormDokument.wxe?Abfrage=Bundesnormen&Anlage=&Artikel=&FassungVom=2026-01-16&Gesetzesnummer=10004569&Paragraf=12&Uebergangsrecht=
AT-KST-109,strafbare_zuwendungen,Sind strafbare Geld- oder Sachzuwendungen abzugsfähig?,"Geld- und Sachzuwendungen, deren Gewährung oder Annahme mit gerichtlicher Strafe bedroht ist, dürfen nicht abgezogen werden.",KStG 1988 § 12 Nichtabzugsfähige Aufwendungen und Ausgaben,https://www.ris.bka.gv.at/NormDokument.wxe?Abfrage=Bundesnormen&Anlage=&Artikel=&FassungVom=2026-01-16&Gesetzesnummer=10004569&Paragraf=12&Uebergangsrecht=
AT-KST-110,strafbare_zuwendungen,Wie behandelt § 12 KStG Geld- und Sachzuwendungen mit strafrechtlichem Bezug?,"Geld- und Sachzuwendungen, deren Gewährung oder Annahme mit gerichtlicher Strafe bedroht ist, dürfen nicht abgezogen werden.",KStG 1988 § 12 Nichtabzugsfähige Aufwendungen und Ausgaben,https://www.ris.bka.gv.at/NormDokument.wxe?Abfrage=Bundesnormen&Anlage=&Artikel=&FassungVom=2026-01-16&Gesetzesnummer=10004569&Paragraf=12&Uebergangsrecht=
AT-KST-111,strafen_geldbussen,Sind behördliche oder gerichtliche Geldstrafen abzugsfähig?,"Strafen und Geldbußen, die von Gerichten, Verwaltungsbehörden oder Organen der Europäischen Union verhängt werden, sind nicht abzugsfähig.",KStG 1988 § 12 Nichtabzugsfähige Aufwendungen und Ausgaben,https://www.ris.bka.gv.at/NormDokument.wxe?Abfrage=Bundesnormen&Anlage=&Artikel=&FassungVom=2026-01-16&Gesetzesnummer=10004569&Paragraf=12&Uebergangsrecht=
AT-KST-112,strafen_geldbussen,Können Strafen und Geldbußen steuerlich als Aufwand geltend gemacht werden?,"Strafen und Geldbußen, die von Gerichten, Verwaltungsbehörden oder Organen der Europäischen Union verhängt werden, sind nicht abzugsfähig.",KStG 1988 § 12 Nichtabzugsfähige Aufwendungen und Ausgaben,https://www.ris.bka.gv.at/NormDokument.wxe?Abfrage=Bundesnormen&Anlage=&Artikel=&FassungVom=2026-01-16&Gesetzesnummer=10004569&Paragraf=12&Uebergangsrecht=
AT-KST-113,verbandsgeldbussen,Sind Verbandsgeldbußen nach dem Verbandsverantwortlichkeitsgesetz abzugsfähig?,Verbandsgeldbußen nach dem Verbandsverantwortlichkeitsgesetz sind nicht abzugsfähig.,KStG 1988 § 12 Nichtabzugsfähige Aufwendungen und Ausgaben,https://www.ris.bka.gv.at/NormDokument.wxe?Abfrage=Bundesnormen&Anlage=&Artikel=&FassungVom=2026-01-16&Gesetzesnummer=10004569&Paragraf=12&Uebergangsrecht=
AT-KST-114,verbandsgeldbussen,Wie behandelt § 12 KStG Verbandsgeldbußen?,Verbandsgeldbußen nach dem Verbandsverantwortlichkeitsgesetz sind nicht abzugsfähig.,KStG 1988 § 12 Nichtabzugsfähige Aufwendungen und Ausgaben,https://www.ris.bka.gv.at/NormDokument.wxe?Abfrage=Bundesnormen&Anlage=&Artikel=&FassungVom=2026-01-16&Gesetzesnummer=10004569&Paragraf=12&Uebergangsrecht=
AT-KST-115,zinsschranke_30_prozent,Wie hoch ist die grundsätzliche Abzugsgrenze der Zinsschranke?,Ein Zinsüberhang ist in einem Wirtschaftsjahr grundsätzlich nur im Ausmaß von 30 Prozent des steuerlichen EBITDA abzugsfähig.,KStG 1988 § 12a Zinsschranke,https://www.ris.bka.gv.at/NormDokument.wxe?Abfrage=Bundesnormen&Anlage=&Artikel=&FassungVom=2026-02-28&Gesetzesnummer=10004569&Paragraf=12a&Uebergangsrecht=
AT-KST-116,zinsschranke_30_prozent,In welchem Umfang ist ein Zinsüberhang nach § 12a KStG abzugsfähig?,Ein Zinsüberhang ist in einem Wirtschaftsjahr grundsätzlich nur im Ausmaß von 30 Prozent des steuerlichen EBITDA abzugsfähig.,KStG 1988 § 12a Zinsschranke,https://www.ris.bka.gv.at/NormDokument.wxe?Abfrage=Bundesnormen&Anlage=&Artikel=&FassungVom=2026-02-28&Gesetzesnummer=10004569&Paragraf=12a&Uebergangsrecht=
AT-KST-117,zinsschranke_freibetrag,Gibt es bei der Zinsschranke einen Freibetrag?,Ein Zinsüberhang ist jedenfalls bis zu einem Betrag von 3 Millionen Euro pro Veranlagungszeitraum abzugsfähig.,KStG 1988 § 12a Zinsschranke,https://www.ris.bka.gv.at/NormDokument.wxe?Abfrage=Bundesnormen&Anlage=&Artikel=&FassungVom=2026-02-28&Gesetzesnummer=10004569&Paragraf=12a&Uebergangsrecht=
AT-KST-118,zinsschranke_freibetrag,Welcher Mindestbetrag bleibt trotz Zinsschranke jedenfalls abzugsfähig?,Ein Zinsüberhang ist jedenfalls bis zu einem Betrag von 3 Millionen Euro pro Veranlagungszeitraum abzugsfähig.,KStG 1988 § 12a Zinsschranke,https://www.ris.bka.gv.at/NormDokument.wxe?Abfrage=Bundesnormen&Anlage=&Artikel=&FassungVom=2026-02-28&Gesetzesnummer=10004569&Paragraf=12a&Uebergangsrecht=
AT-KST-119,zinsschranke_anwendungsbereich,Für wen gilt die Zinsschranke nach § 12a KStG?,§ 12a KStG ist auf unbeschränkt steuerpflichtige Körperschaften sowie auf beschränkt steuerpflichtige Körperschaften mit inländischer Betriebsstätte anzuwenden.,KStG 1988 § 12a Zinsschranke,https://www.ris.bka.gv.at/NormDokument.wxe?Abfrage=Bundesnormen&Anlage=&Artikel=&FassungVom=2026-02-28&Gesetzesnummer=10004569&Paragraf=12a&Uebergangsrecht=
AT-KST-120,zinsschranke_anwendungsbereich,Auf welche Körperschaften findet § 12a KStG Anwendung?,§ 12a KStG ist auf unbeschränkt steuerpflichtige Körperschaften sowie auf beschränkt steuerpflichtige Körperschaften mit inländischer Betriebsstätte anzuwenden.,KStG 1988 § 12a Zinsschranke,https://www.ris.bka.gv.at/NormDokument.wxe?Abfrage=Bundesnormen&Anlage=&Artikel=&FassungVom=2026-02-28&Gesetzesnummer=10004569&Paragraf=12a&Uebergangsrecht=
AT-KST-121,zinsschranke_ausnahme_standalone,Gibt es eine Ausnahme für eigenständige Körperschaften bei der Zinsschranke?,"Von der Zinsschranke ausgenommen sind bestimmte Stand-alone-Körperschaften, die nicht vollständig in einen Konzernabschluss einbezogen werden, über kein verbundenes Unternehmen verfügen und keine ausländische Betriebsstätte unterhalten.",KStG 1988 § 12a Zinsschranke,https://www.ris.bka.gv.at/NormDokument.wxe?Abfrage=Bundesnormen&Anlage=&Artikel=&FassungVom=2026-02-28&Gesetzesnummer=10004569&Paragraf=12a&Uebergangsrecht=
AT-KST-122,zinsschranke_ausnahme_standalone,Wann greift die Zinsschranke bei Stand-alone-Körperschaften nicht?,"Von der Zinsschranke ausgenommen sind bestimmte Stand-alone-Körperschaften, die nicht vollständig in einen Konzernabschluss einbezogen werden, über kein verbundenes Unternehmen verfügen und keine ausländische Betriebsstätte unterhalten.",KStG 1988 § 12a Zinsschranke,https://www.ris.bka.gv.at/NormDokument.wxe?Abfrage=Bundesnormen&Anlage=&Artikel=&FassungVom=2026-02-28&Gesetzesnummer=10004569&Paragraf=12a&Uebergangsrecht=
AT-KST-123,zinsueberhang_definition,Wann liegt nach § 12a KStG ein Zinsüberhang vor?,"Ein Zinsüberhang liegt vor, soweit abzugsfähige Zinsaufwendungen die steuerpflichtigen Zinserträge des Wirtschaftsjahres übersteigen.",KStG 1988 § 12a Zinsschranke,https://www.ris.bka.gv.at/NormDokument.wxe?Abfrage=Bundesnormen&Anlage=&Artikel=&FassungVom=2026-02-28&Gesetzesnummer=10004569&Paragraf=12a&Uebergangsrecht=
AT-KST-124,zinsueberhang_definition,Wie definiert das Gesetz den Zinsüberhang?,"Ein Zinsüberhang liegt vor, soweit abzugsfähige Zinsaufwendungen die steuerpflichtigen Zinserträge des Wirtschaftsjahres übersteigen.",KStG 1988 § 12a Zinsschranke,https://www.ris.bka.gv.at/NormDokument.wxe?Abfrage=Bundesnormen&Anlage=&Artikel=&FassungVom=2026-02-28&Gesetzesnummer=10004569&Paragraf=12a&Uebergangsrecht=
AT-KST-125,privatstiftungen_offenlegung,Für welche Privatstiftungen gelten die Sondervorschriften des § 13 KStG?,"Die Sondervorschriften des § 13 KStG gelten für Privatstiftungen, die die Offenlegungsverpflichtungen gemäß Abs. 6 erfüllen.",KStG 1988 § 13 Sondervorschriften für Privatstiftungen,https://www.ris.bka.gv.at/NormDokument.wxe?Abfrage=Bundesnormen&Anlage=&Artikel=&FassungVom=2026-02-20&Gesetzesnummer=10004569&Paragraf=13&Uebergangsrecht=
AT-KST-126,privatstiftungen_offenlegung,Wann kommt § 13 KStG bei Privatstiftungen zur Anwendung?,"Die Sondervorschriften des § 13 KStG gelten für Privatstiftungen, die die Offenlegungsverpflichtungen gemäß Abs. 6 erfüllen.",KStG 1988 § 13 Sondervorschriften für Privatstiftungen,https://www.ris.bka.gv.at/NormDokument.wxe?Abfrage=Bundesnormen&Anlage=&Artikel=&FassungVom=2026-02-20&Gesetzesnummer=10004569&Paragraf=13&Uebergangsrecht=
AT-KST-127,privatstiftungen_kein_7_3,Gilt § 7 Abs. 3 KStG für Privatstiftungen mit Offenlegungspflichten?,Bei solchen Privatstiftungen ist § 7 Abs. 3 KStG grundsätzlich nicht anzuwenden.,KStG 1988 § 13 Sondervorschriften für Privatstiftungen,https://www.ris.bka.gv.at/NormDokument.wxe?Abfrage=Bundesnormen&Anlage=&Artikel=&FassungVom=2026-02-20&Gesetzesnummer=10004569&Paragraf=13&Uebergangsrecht=
AT-KST-128,privatstiftungen_kein_7_3,Wie wirkt § 13 KStG auf die Anwendung des § 7 Abs. 3 KStG?,Bei solchen Privatstiftungen ist § 7 Abs. 3 KStG grundsätzlich nicht anzuwenden.,KStG 1988 § 13 Sondervorschriften für Privatstiftungen,https://www.ris.bka.gv.at/NormDokument.wxe?Abfrage=Bundesnormen&Anlage=&Artikel=&FassungVom=2026-02-20&Gesetzesnummer=10004569&Paragraf=13&Uebergangsrecht=
AT-KST-129,betriebliche_privatstiftungen,Gibt es bei Privatstiftungen eine Ausnahme von der Ausnahme des § 7 Abs. 3 KStG?,Die Ausnahme von § 7 Abs. 3 KStG gilt nicht für betriebliche Privatstiftungen gemäß § 4d EStG 1988.,KStG 1988 § 13 Sondervorschriften für Privatstiftungen,https://www.ris.bka.gv.at/NormDokument.wxe?Abfrage=Bundesnormen&Anlage=&Artikel=&FassungVom=2026-02-20&Gesetzesnummer=10004569&Paragraf=13&Uebergangsrecht=
AT-KST-130,betriebliche_privatstiftungen,Wie behandelt § 13 KStG betriebliche Privatstiftungen nach § 4d EStG?,Die Ausnahme von § 7 Abs. 3 KStG gilt nicht für betriebliche Privatstiftungen gemäß § 4d EStG 1988.,KStG 1988 § 13 Sondervorschriften für Privatstiftungen,https://www.ris.bka.gv.at/NormDokument.wxe?Abfrage=Bundesnormen&Anlage=&Artikel=&FassungVom=2026-02-20&Gesetzesnummer=10004569&Paragraf=13&Uebergangsrecht=
AT-KST-131,zuwendungen_neun_jahre,Können bestimmte Zuwendungen bei Privatstiftungen über mehrere Jahre verteilt werden?,"Bei bestimmten Förderungsstiftungen können Zuwendungen auf das Zuwendungsjahr und die folgenden neun Wirtschaftsjahre gleichmäßig als Betriebseinnahmen angesetzt werden, soweit sich aus dem Zweck kein kürzerer Zeitraum ergibt.",KStG 1988 § 13 Sondervorschriften für Privatstiftungen,https://www.ris.bka.gv.at/NormDokument.wxe?Abfrage=Bundesnormen&Anlage=&Artikel=&FassungVom=2026-02-20&Gesetzesnummer=10004569&Paragraf=13&Uebergangsrecht=
AT-KST-132,zuwendungen_neun_jahre,"Wie behandelt § 13 KStG Zuwendungen an Unternehmenszweck-, Arbeitnehmer- und Belegschaftsbeteiligungsstiftungen?","Bei bestimmten Förderungsstiftungen können Zuwendungen auf das Zuwendungsjahr und die folgenden neun Wirtschaftsjahre gleichmäßig als Betriebseinnahmen angesetzt werden, soweit sich aus dem Zweck kein kürzerer Zeitraum ergibt.",KStG 1988 § 13 Sondervorschriften für Privatstiftungen,https://www.ris.bka.gv.at/NormDokument.wxe?Abfrage=Bundesnormen&Anlage=&Artikel=&FassungVom=2026-02-20&Gesetzesnummer=10004569&Paragraf=13&Uebergangsrecht=
AT-KST-133,belegschaftsbeteiligungsstiftung,Wann sind Zuwendungen an Belegschaftsbeteiligungsstiftungen steuerfrei?,"Zuwendungen an Belegschaftsbeteiligungsstiftungen sind insoweit steuerfrei, als sie dem Zugang von Beteiligungen oder dem dafür notwendigen Geldbetrag dienen und je Begünstigtem pro Kalenderjahr 4.500 Euro nicht übersteigen.",KStG 1988 § 13 Sondervorschriften für Privatstiftungen,https://www.ris.bka.gv.at/NormDokument.wxe?Abfrage=Bundesnormen&Anlage=&Artikel=&FassungVom=2026-02-20&Gesetzesnummer=10004569&Paragraf=13&Uebergangsrecht=
AT-KST-134,belegschaftsbeteiligungsstiftung,Welche Grenze gilt für steuerfreie Zuwendungen an Belegschaftsbeteiligungsstiftungen?,"Zuwendungen an Belegschaftsbeteiligungsstiftungen sind insoweit steuerfrei, als sie dem Zugang von Beteiligungen oder dem dafür notwendigen Geldbetrag dienen und je Begünstigtem pro Kalenderjahr 4.500 Euro nicht übersteigen.",KStG 1988 § 13 Sondervorschriften für Privatstiftungen,https://www.ris.bka.gv.at/NormDokument.wxe?Abfrage=Bundesnormen&Anlage=&Artikel=&FassungVom=2026-02-20&Gesetzesnummer=10004569&Paragraf=13&Uebergangsrecht=
AT-KST-135,steuersatz_2023,Wie hoch war der Körperschaftsteuersatz im Jahr 2023?,Für das Kalenderjahr 2023 beträgt die Körperschaftsteuer 24 Prozent.,KStG 1988 § 22 Steuersätze,https://www.ris.bka.gv.at/NormDokument.wxe?Abfrage=Bundesnormen&Anlage=&Artikel=&FassungVom=2026-02-16&Gesetzesnummer=10004569&Paragraf=22&Uebergangsrecht=
AT-KST-136,steuersatz_2023,Welcher Steuersatz galt 2023 für die Körperschaftsteuer?,Für das Kalenderjahr 2023 beträgt die Körperschaftsteuer 24 Prozent.,KStG 1988 § 22 Steuersätze,https://www.ris.bka.gv.at/NormDokument.wxe?Abfrage=Bundesnormen&Anlage=&Artikel=&FassungVom=2026-02-16&Gesetzesnummer=10004569&Paragraf=22&Uebergangsrecht=
AT-KST-137,steuersatz_ab_2024,Wie hoch ist der Körperschaftsteuersatz ab 2024?,Für die Kalenderjahre ab 2024 beträgt die Körperschaftsteuer 23 Prozent.,KStG 1988 § 22 Steuersätze,https://www.ris.bka.gv.at/NormDokument.wxe?Abfrage=Bundesnormen&Anlage=&Artikel=&FassungVom=2026-02-16&Gesetzesnummer=10004569&Paragraf=22&Uebergangsrecht=
AT-KST-138,steuersatz_ab_2024,Welcher Körperschaftsteuersatz gilt seit 2024?,Für die Kalenderjahre ab 2024 beträgt die Körperschaftsteuer 23 Prozent.,KStG 1988 § 22 Steuersätze,https://www.ris.bka.gv.at/NormDokument.wxe?Abfrage=Bundesnormen&Anlage=&Artikel=&FassungVom=2026-02-16&Gesetzesnummer=10004569&Paragraf=22&Uebergangsrecht=
AT-KST-139,veranlagung_nach_ablauf,Wann wird die Körperschaftsteuer veranlagt?,Die Körperschaftsteuer wird nach Ablauf des Kalenderjahres veranlagt.,KStG 1988 § 24 Erhebung der Steuer,https://www.ris.bka.gv.at/NormDokument.wxe?Abfrage=Bundesnormen&Anlage=&Artikel=&FassungVom=2026-01-14&Gesetzesnummer=10004569&Paragraf=24&ShowPrintPreview=True&Uebergangsrecht=
AT-KST-140,veranlagung_nach_ablauf,Erfolgt die Körperschaftsteuerveranlagung während oder nach dem Kalenderjahr?,Die Körperschaftsteuer wird nach Ablauf des Kalenderjahres veranlagt.,KStG 1988 § 24 Erhebung der Steuer,https://www.ris.bka.gv.at/NormDokument.wxe?Abfrage=Bundesnormen&Anlage=&Artikel=&FassungVom=2026-01-14&Gesetzesnummer=10004569&Paragraf=24&ShowPrintPreview=True&Uebergangsrecht=
AT-KST-141,veranlagungszeitraum,Was ist der Veranlagungszeitraum bei der Körperschaftsteuer?,Veranlagungszeitraum ist das Kalenderjahr.,KStG 1988 § 24 Erhebung der Steuer,https://www.ris.bka.gv.at/NormDokument.wxe?Abfrage=Bundesnormen&Anlage=&Artikel=&FassungVom=2026-01-14&Gesetzesnummer=10004569&Paragraf=24&ShowPrintPreview=True&Uebergangsrecht=
AT-KST-142,veranlagungszeitraum,Auf welchen Zeitraum bezieht sich die Körperschaftsteuerveranlagung?,Veranlagungszeitraum ist das Kalenderjahr.,KStG 1988 § 24 Erhebung der Steuer,https://www.ris.bka.gv.at/NormDokument.wxe?Abfrage=Bundesnormen&Anlage=&Artikel=&FassungVom=2026-01-14&Gesetzesnummer=10004569&Paragraf=24&ShowPrintPreview=True&Uebergangsrecht=
AT-KST-143,veranlagungsbasis,Nach welcher Größe wird die Körperschaftsteuer veranlagt?,Die Veranlagung erfolgt nach dem Einkommen oder bei beschränkt Steuerpflichtigen nach dem maßgebenden Gesamtbetrag der Einkünfte.,KStG 1988 § 24 Erhebung der Steuer,https://www.ris.bka.gv.at/NormDokument.wxe?Abfrage=Bundesnormen&Anlage=&Artikel=&FassungVom=2026-01-14&Gesetzesnummer=10004569&Paragraf=24&ShowPrintPreview=True&Uebergangsrecht=
AT-KST-144,veranlagungsbasis,Worauf stützt sich die Veranlagung bei unbeschränkter und beschränkter Steuerpflicht?,Die Veranlagung erfolgt nach dem Einkommen oder bei beschränkt Steuerpflichtigen nach dem maßgebenden Gesamtbetrag der Einkünfte.,KStG 1988 § 24 Erhebung der Steuer,https://www.ris.bka.gv.at/NormDokument.wxe?Abfrage=Bundesnormen&Anlage=&Artikel=&FassungVom=2026-01-14&Gesetzesnummer=10004569&Paragraf=24&ShowPrintPreview=True&Uebergangsrecht=
AT-KST-145,abgeltungswirkung_steuerabzug,Hat der Steuerabzug bei beschränkt steuerpflichtigen Körperschaften grundsätzlich Abgeltungswirkung?,"Bei beschränkt Steuerpflichtigen gilt die Körperschaftsteuer für Einkünfte, die dem Steuerabzug unterliegen, grundsätzlich durch den Steuerabzug als abgegolten, sofern nicht eine Veranlagung vorgeschrieben ist.",KStG 1988 § 24 Erhebung der Steuer,https://www.ris.bka.gv.at/NormDokument.wxe?Abfrage=Bundesnormen&Anlage=&Artikel=&FassungVom=2026-01-14&Gesetzesnummer=10004569&Paragraf=24&ShowPrintPreview=True&Uebergangsrecht=
AT-KST-146,abgeltungswirkung_steuerabzug,Wann ist die Körperschaftsteuer bei beschränkt Steuerpflichtigen durch den Steuerabzug erledigt?,"Bei beschränkt Steuerpflichtigen gilt die Körperschaftsteuer für Einkünfte, die dem Steuerabzug unterliegen, grundsätzlich durch den Steuerabzug als abgegolten, sofern nicht eine Veranlagung vorgeschrieben ist.",KStG 1988 § 24 Erhebung der Steuer,https://www.ris.bka.gv.at/NormDokument.wxe?Abfrage=Bundesnormen&Anlage=&Artikel=&FassungVom=2026-01-14&Gesetzesnummer=10004569&Paragraf=24&ShowPrintPreview=True&Uebergangsrecht=
