task_id,row_key,prompt,answer,reference_answer,sources,correctness_score,groundedness_score,legal_reasoning_score,completeness_score,comprehension_score,hallucination_flag,grounding_citations,comments
1,8af014a8e461d529,Wie hoch war der KöSt-Satz nach der Steuerreform 2005?,Nach der Steuerreform 2005 wurde der Körperschaftsteuersatz (KöSt) in Österreich auf 25 % reduziert (§ 3 KorpStG).,Er wurde damals von 34 % auf 25 % gesenkt.,KStG § 22 (alt),4,2,3,3,4,1,„Die Körperschaftsteuer vom Einkommen (§ 7 Abs. 2) oder vom Gesamtbetrag der Einkünfte beschränkt Steuerpflichtiger im Sinne des § 21 beträgt für das Kalenderjahr 2023 24% und für die Kalenderjahre ab 2024 23%.“,"Die Antwort nennt den richtigen Satz von 25 %, verweist aber auf eine falsche Bestimmung („§ 3 KorpStG“) und erwähnt die Senkung von 34 % auf 25 % nicht. Daher nur überwiegend richtig und wegen der falschen Normangabe hallucinated."
2,8b4add2cc75ce9c1,"Ein im Grenzgebiet wohnender Arbeitnehmer kehrt regelmäßig täglich aus einem benachbarten Drittstaat zurück. Bei einer Einreise führt er 25 Zigaretten und 0,25 Liter Spirituosen mit mehr als 22 % vol mit. Er legt glaubhaft dar, dass er an diesem Tag nicht bloß grenznah tätig war, sondern sich weit außerhalb des Grenzgebiets aufgehalten hat. Entscheidend ist, ob trotz seines grundsätzlichen Status als Grenzarbeitnehmer die verschärften Mengenbeschränkungen zwingend anzuwenden sind.","Bei einem Tätigkeitsort im Grenzgebiet ist die verschärfte Mengenbeschränkung für Zigaretten und Spirituosen nur dann anzuwenden, wenn der Arbeitnehmer sich im Grenzgebiet aufgehalten hat und nicht weit außerhalb des Grenzgebiets tätig war.","Die eingeschränkten Mengen des Abs. 6 greifen hier nicht. Kann der Reisende nachweisen, dass er aus dem Grenzgebiet ausgereist ist, verbleibt es bei den allgemeinen Befreiungsregeln des Abs. 5. Die Einfuhr ist daher im Rahmen dieser allgemeinen Grenzen steuerfrei.",§ 6 Abs. 6 UStG 1994; § 6 Abs. 5 UStG 1994,4,4,4,3,4,0,"„Die Einschränkungen nach diesem Absatz gelten nicht, wenn ein von dieser Regelung betroffener Reisender nachweist, dass er aus dem Grenzgebiet des Mitgliedstaates ausreist oder dass er nicht aus dem Grenzgebiet des benachbarten Drittlandes zurückkommt.“","Die Antwort erkennt richtig, dass die verschärften Mengenbeschränkungen nicht zwingend gelten, wenn der Arbeitnehmer nicht aus dem Grenzgebiet zurückkommt. Sie bleibt aber etwas unvollständig, weil sie die Folge nicht ausdrücklich nennt, nämlich dass dann die allgemeinen Grenzen des Abs. 5 gelten."
3,8b72e98cc2bcd8b7,Wie hoch ist der maximal mögliche Verlustabzug in einem Veranlagungsjahr und welche Ausnahmen gibt es?,"Der maximale Verlustabzug in einem Veranlagungsjahr in Österreich beträgt 75 % des Gesamteinkommens (§ 18 Abs. 6 EStG 1988). Der verbleibende Verlust kann in den folgenden Jahren abgezogen werden. Es gibt jedoch Ausnahmen, wie z.B. bei Verlusten aus Gewerbebetrieb, die zu 100 % abgezogen werden können (§ 18 Abs. 6 EStG 1988).","75 % des Gesamtbetrages der Einkünfte (§ 8 Abs. 4 Z 2 lit. a KStG). Ausnahmen (volle Verrechnung): u.a. Sanierungsgewinne, Gewinne aus Insolvenzverfahren, Betriebsveräußerungsgewinne, Liquidationsgewinne und Nachversteuerungsbeträge nach § 9 Abs. 6 Z 7 KStG.",§ 8 Abs. 4 Z 2 lit. a–b KStG 1988,3,2,2,2,4,1,"„Der Verlustabzug steht nur im Ausmaß von 75% des Gesamtbetrages der Einkünfte zu.“
„Lit. a ist in folgenden Fällen insoweit nicht anzuwenden, als im Gesamtbetrag der Einkünfte enthalten sind: Gewinne aus einem Schulderlass, insbesondere Sanierungsgewinne gemäß § 23a, Gewinne, die in Veranlagungszeiträumen anfallen, die von einem Insolvenzverfahren betroffen sind, Gewinne aus der Veräußerung sowie der Aufgabe von Betrieben, Teilbetrieben und Mitunternehmeranteilen, Liquidationsgewinne gemäß § 19.“","Die Antwort nennt die 75%-Grenze richtig, verweist aber auf das EStG statt auf § 8 Abs. 4 Z 2 KStG und nennt eine nicht passende Ausnahme zu Verlusten aus Gewerbebetrieb. Die tatsächlichen Ausnahmen aus lit. b werden weitgehend nicht erwähnt, daher ist die Antwort nur teilweise korrekt."
4,8bcf366f40d1ade2,Eine in der Schweiz lebende Managerin nutzt ihre Wiener Zweitwohnung nur 50 Tage pro Jahr und hält sich darüber hinaus nicht länger im Inland auf. Führt die Zweitwohnung allein zur unbeschränkten Steuerpflicht?,Nein. Die unbeschränkte Steuerpflicht gemäß § 1 Abs. 2 EStG setzt eine mindestens einjährige Aufenthaltspflicht voraus. Die 50 Tage pro Jahr reichen nicht aus. Die Schweizerin ist daher nur mit ihrem inländischen Einkommen (z.B. aus österreichischen Gesellschaften) in Österreich steuerpflichtig. Die Zweitwohnung selbst ist bei dieser Konstellation nicht relevant.,"Nein. Nach der Zweitwohnsitzverordnung, referenziert in EStR 2000 Rz 26a, führt eine inländische Wohnung nicht zur unbeschränkten Steuerpflicht, wenn sie nur untergeordnet genutzt wird, also nicht mehr als 70 Tage pro Jahr. Dauert der tatsächliche Inlandsaufenthalt allerdings länger als sechs Monate, kann dennoch ein gewöhnlicher Aufenthalt und damit eine unbeschränkte Steuerpflicht entstehen.",EStR 2000 Rz 26a,2,2,2,2,4,1,"„Auf Grund der Zweitwohnsitzverordnung (BGBl. II Nr. 528/2003) führt eine inländische Wohnung nicht zur unbeschränkten Einkommensteuerpflicht, wenn sie in zeitlicher Hinsicht nur untergeordnet (nicht mehr als 70 Tage pro Jahr) genutzt wird. Sollte allerdings der Inlandsaufenthalt länger als 6 Monate andauern, dann tritt unbeschränkte Steuerpflicht kraft inländischem gewöhnlichen Aufenthalt ein.“","Die Antwort kommt zwar zum richtigen Ergebnis, begründet es aber falsch mit einer angeblichen einjährigen Aufenthaltspflicht. Maßgeblich wären die 70-Tage-Grenze der Zweitwohnsitzverordnung und die Sechsmonatsregel beim gewöhnlichen Aufenthalt. Daher ist die Antwort nur teilweise richtig und wegen der erfundenen Einjahresgrenze hallucinated."
5,8cb24b2d65a6eede,"Ein Arbeitgeber zahlt einem Mitarbeiter eine einmalige Entschädigungssumme aus, weil eine zugesagte Beförderung aufgrund eines Formfehlers nicht stattfand. Handelt es sich hierbei um steuerpflichtiges Arbeitseinkommen?","1. Die Steuerveranlagungsbehörde ist befugt, die Steuerforderungen nach dem Verhalten des Arbeitgebers zu beurteilen (Art. 25 Abs. 3 StG). Sie kann auch dann entscheiden, wenn sie von einer unbestimmten oder unklaren Rechtslage ausgeht (BGE 97 I 406 E. 2 S. 408 f.; BGE 1","Ja. Bezüge und Vorteile aus einem bestehenden oder früheren Dienstverhältnis sind steuerpflichtig. Da die Entschädigung im direkten Zusammenhang mit der Erwerbstätigkeit und dem entgangenen Verdienst steht, ist sie als Einkunft aus nichtselbständiger Arbeit zu werten.",§ 25 Abs. 1 Z 1 lit. a EStG,0,0,0,0,1,1,"„Einkünfte aus nichtselbständiger Arbeit (Arbeitslohn) sind: Bezüge und Vorteile aus einem bestehenden oder früheren Dienstverhältnis.“ „Bei den Einkünften im Sinne des Abs. 1 ist es unmaßgeblich, ob es sich um einmalige oder laufende Einnahmen handelt, ob ein Rechtsanspruch auf sie besteht und ob sie dem zunächst Bezugsberechtigten oder seinem Rechtsnachfolger zufließen.",Die Antwort geht am österreichischen EStG völlig vorbei und nennt fremde bzw. nicht passende Rechtsquellen. Sie beantwortet die Frage nicht und stellt keinen Bezug zu § 25 EStG her.
6,8d0e45b3fd422120,Was ist die Steuerreform 2024 hinsichtlich der Kleinunternehmer?,Die Steuerreform 2024 betrifft die Steuern für die Kleinunternehmer (Art. 1-3 des Bundesgesetzes vom 6. Oktober 2021 über die Steuerreform 2024). Sie enthält eine neue Regelung für die Steuerpflichtige mit einer Einkommenssteuer von 5% und einen Steuersatz von 2% (Art. 1 Abs. 1,Die Anhebung der Umsatzsteuergrenze auf 35.000 Euro wurde gesetzlich verankert.,UStG § 6 Abs. 1 Z 27,0,0,0,1,2,1,"„Die Umsätze der Kleinunternehmer.“ „Kleinunternehmer ist ein Unternehmer, der sein Unternehmen im Inland oder in einem anderen Mitgliedstaat betreibt und dessen Umsätze nach § 1 Abs. 1 Z 1 und 2 die Umsatzgrenze von 55 000 Euro (Kleinunternehmergrenze) im vorangegangenen Kalenderjahr nicht, und im laufenden Jahr noch nicht übersteigen.“","Die Antwort geht an der Reformfrage vorbei. Es geht um die Kleinunternehmergrenze bzw. Umsatzsteuerbefreiung, nicht um eine Einkommensteuer von 5 % oder einen Steuersatz von 2 %. Diese Angaben sind in der Quelle nicht enthalten und wirken erfunden, daher hallucinated."
7,8d383f3d405cc69b,Ein österreichischer Arbeitnehmer geht in Pension und erhält Zahlungen aus einer inländischen Pensionskasse. Sind diese voll steuerpflichtig?,Die unbeschränkte Steuerpflicht erstreckt sich auf alle in- und ausländischen Einkünfte im Sinne des Einkommensteuergesetzes.,"Nein. Nur jener Teil der Pensionszahlungen, der auf eigene Beitragszahlungen des Arbeitnehmers (bzw. eines wesentlich Beteiligten oder eines Arbeitgebers für sich selbst) entfällt, wird mit 25 % besteuert. Der restliche, vom Arbeitgeber finanzierte Teil ist voll steuerpflichtig.",§ 25 Abs. 1 Z 2 lit. a EStG 1988,1,1,1,1,4,0,"„Bezüge und Vorteile aus inländischen Pensionskassen und aus betrieblichen Kollektivversicherungen“ „Jene Teile der Bezüge und Vorteile, die auf die vom Arbeitnehmer eingezahlten Beträge entfallen, sind nur mit 25% zu erfassen.“","Die Antwort nennt nur den allgemeinen Grundsatz der unbeschränkten Steuerpflicht, beantwortet aber die konkrete Frage nach der vollen Steuerpflicht von inländischen Pensionskassenzahlungen nicht. Die Sonderregel zur 25%-Erfassung eigener Arbeitnehmerbeiträge fehlt vollständig."
8,8d73440c04f1a641,Was regelt das KMU-Förderungsgesetz steuerlich?,"Das KMU-Förderungsgesetz selbst regelt keine Steuern, sondern es handelt sich um eine Regelung zur Förderung von Klein- und Mittelbetrieben (§ 1 Abs. 1 KMUG). Die Steuerregeln finden sich in anderen Gesetzen wie z.B. dem Einkommensteuergesetz 1988 (EStG 1988) oder dem Körperschaft",Erleichterungen beim Zugang zu Förderungen und steuerliche Verlustrückträge.,EStG § 124b Z 355,1,1,1,1,3,1,"„Durch das KMU-Förderungsgesetz, BGBl I Nr. 101/2006, können ab der Veranlagung 2007 von den im Rahmen einer Gewinnermittlung gemäß § 4 Abs. 3 EStG 1988 ermittelten Verlusten stets die Verluste der drei vorangegangenen Jahre abgezogen werden.“","Die Antwort verneint steuerliche Regelungen im KMU-Förderungsgesetz und passt daher nicht zur Referenz. Der relevante Punkt ist der Verlustabzug bzw. Verlustrücktrag, während die Antwort nur allgemein auf Förderung von KMU verweist und keinen steuerlichen Inhalt erklärt. Wegen der falschen Aussage zu „keine Steuern“ ist sie hallucinated."
9,8ddd5ecfb5952b1d,"""Ein deutsches Unternehmen bietet einen Online-Kochkurs für Privatpersonen in Österreich an. Wo ist die Leistung steuerpflichtig?""","Zu den Leistungen gehören unter anderem das Erlernen der Grundbegriffe des Kochens, Kochen und Backens sowie eine praktische Ausbildung zum Küchenmeister (Köchin). Die Lehrgänge finden im Rahmen eines staatlich anerkannten Kurses statt; sie dauern jeweils zwei","""In Österreich, da es sich um eine elektronisch erbrachte Leistung handelt und der Leistungsort bei Leistungen an Nichtunternehmer am Wohnsitz des Leistungsempfängers liegt (§ 3a Abs. 13 UStG)""",§ 3a Abs. 13 UStG 1994,0,0,0,1,2,0,"„Elektronisch erbrachte sonstige Leistungen sowie Telekommunikations-, Rundfunk- und Fernsehdienstleistungen werden an dem Ort ausgeführt, an dem der Leistungsempfänger seinen Wohnsitz, Sitz oder gewöhnlichen Aufenthalt hat, soweit diese Leistungen an einen Nichtunternehmer im Sinne des Abs. 5 Z 3 erbracht werden.“","Die Antwort beantwortet den Leistungsort nicht und erklärt nicht, dass bei elektronisch erbrachten Leistungen an Privatpersonen der Wohnsitz des Leistungsempfängers maßgeblich ist. Sie wirkt eher wie ein unvollständiger Text zu Kochkursen, enthält aber keine klare erfundene Rechtsregel."
10,8e846004e3043ba1,Ein Vater schenkt seiner Tochter ein Grundstück mit einem Grundstückswert von 450.000 Euro. Wie hoch ist der Steuersatz für diesen Erwerb im Familienverband?,Der Steuersatz für das Erwerb eines Grundstückes beträgt 450.000 Euro. In diesem Kontext kann man sich aufgrund der genannten Gesetzesstelle und den vorgeschlagenen Bedingungen auswerten.,"Gemäß § 7 Abs. 1 Z 1 GrEStG gilt für unentgeltliche Erwerbe im Familienverband ein Stufentarif: Für die ersten 250.000 Euro beträgt der Steuersatz 0,5 %, für die nächsten 150.000 Euro (bis 400.000 Euro) 2,0 % und darüber hinaus 3,5 %. Die Steuer berechnet sich somit aus: (250.000 * 0,5%) + (150.000 * 2,0%) + (50.000 * 3,5%) = 6000 Euro.","§ 7 Abs. 1 Z 1 lit. a GrEStG 1987, § 7 Abs. 1 Z 1 lit. c GrEStG 1987",0,0,0,1,1,0,"„Die Steuer beträgt beim unentgeltlichen Erwerb von Grundstücken für die ersten 250 000 Euro 0,5%, für die nächsten 150 000 Euro 2%, darüber hinaus 3,5% des Grundstückswertes.“","Die Antwort verwechselt den Grundstückswert mit dem Steuersatz und berechnet die Steuer nicht. Der Stufentarif für unentgeltliche Erwerbe im Familienverband wird gar nicht angewendet, daher ist die Antwort inhaltlich falsch."
11,8edc10ff63770896,Welche Einschränkung gilt für den Betriebsausgabenabzug bei nur teilweise steuerpflichtigen Körperschaften?,: Welche Einschränkung gilt für den Betriebsausgabenabzug bei nur teilweise steuerpflichtigen Körperschaften? Antwort: Die Einschränkung der Steuern für die Betriebsausgaben besteht nicht. Sie liegt im Rahmen des Steuersubjekts (Art. 1 Abs. 2 lit. a Einführungsgesetz).,"Aufwendungen dürfen nur insoweit abgezogen werden, als sie mit steuerpflichtigen Erträgen in unmittelbarem wirtschaftlichen Zusammenhang stehen (§ 11 Abs. 2 KStG).",§ 11 Abs. 2 KStG 1988,0,0,0,1,2,1,"„Ist eine nach § 5 oder nach anderen Bundesgesetzen befreite Körperschaft zum Teil unbeschränkt steuerpflichtig, dürfen bei der Ermittlung der Einkünfte Aufwendungen und Ausgaben nur insoweit abgezogen werden, als sie mit steuerpflichtigen Erträgen und Einnahmen in unmittelbarem wirtschaftlichen Zusammenhang stehen.“","Die Antwort sagt fälschlich, dass keine Einschränkung besteht, und verweist auf eine nicht passende Rechtsgrundlage. Nach der Quelle ist der Abzug gerade nur bei unmittelbarem Zusammenhang mit steuerpflichtigen Erträgen möglich."
12,9069f749d424c1fa,"Ein in Spanien lebender Berater hat in Österreich weder Wohnsitz noch gewöhnlichen Aufenthalt. Wenn seine inländischen Einkünfte wegfallen, endet dann grundsätzlich auch die beschränkte Steuerpflicht?","Der Berater, der in Spanien lebt und in Österreich keinen Wohnsitz oder gewöhnlichen Aufenthalt hat, wird in der Regel keine beschränkte Steuerpflicht in Österreich haben, da er keine Einkünfte in Österreich erwirtschaftet.  Die Regelung in der vorliegenden Textstelle (§ 1a) gilt nur für Personen, die aus dem Ausland zuz","Ja. Nach EStR 2000 Rz 27 beginnt die beschränkte Steuerpflicht mit dem Erzielen inländischer Einkünfte und endet mit dem Wegfall der inländischen Einkünfte, dem Eintritt in die unbeschränkte Steuerpflicht oder dem Tod.",EStR 2000 Rz 27,2,1,2,2,3,1,"„Steuerpflichtige, die im Inland weder über einen Wohnsitz noch über einen gewöhnlichen Aufenthalt verfügen, sind beschränkt steuerpflichtig, wenn sie Inlandseinkünfte iSd § 98 EStG 1988 erzielen.“
„Die (beschränkte) Steuerpflicht endet mit dem Wegfall der inländischen Einkünfte, dem Eintritt in die unbeschränkte Steuerpflicht oder dem Tod des beschränkt Steuerpflichtigen.“","Die Antwort erkennt teilweise, dass ohne inländische Einkünfte keine beschränkte Steuerpflicht besteht. Sie verweist aber auf eine nicht passende Regelung „§ 1a“ und beantwortet die eigentliche Frage nach dem Ende der Steuerpflicht nur indirekt. Wegen der falschen Rechtsgrundlage ist sie hallucinated."
13,907a2a73c200b0ef,"Ein Manager erhält bei seinem Ausscheiden eine freiwillige Abgangsentschädigung. Er behauptet, dies sei kein ""Lohn"", da er zum Zeitpunkt der Auszahlung gar nicht mehr arbeitet. Sind solche Bezüge steuerpflichtig?","Ja, Abgangsentschädigungen, auch wenn der Arbeitgeber und der Arbeitnehmer sich darüber einigen, dass es sich nicht um Lohndarleistungen handelt, steuerpflichtig sind. Sie werden gemäß § 7 Abs. 1 Nr. 1 KStG als Einkommen angesehen. Insbesondere gilt § 8 Abs. 1 KStG, wonach die Einkommensteuer auf das gesamte Einkommen des Steuerpflichtigen zu entrichten ist. Der Paragraph weist keinen speziellen Regelungschlussel auf, deshalb ist kein zusätzlicher Paragraphenverweis notwendig.","Ja. Zu den Einkünften aus nichtselbständiger Arbeit gehören auch Bezüge und Vorteile aus einem früherenDienstverhältnis. Die Abfindung ist somit als nachträglicher Bezug steuerpflichtig, wobei für die Versteuerung oft begünstigte Sätze (z.B. Sechstelbegünstigung) zur Anwendung kommen.",§ 25 Abs. 1 Z 1 lit. a EStG,2,1,2,2,3,1,"„Einkünfte aus nichtselbständiger Arbeit (Arbeitslohn) sind: Bezüge und Vorteile aus einem bestehenden oder früheren Dienstverhältnis.“ „Bei den Einkünften im Sinne des Abs. 1 ist es unmaßgeblich, ob es sich um einmalige oder laufende Einnahmen handelt.“","Die Antwort kommt zwar zum Ergebnis, dass die Abgangsentschädigung steuerpflichtig ist, begründet es aber mit falschen KStG-Verweisen statt mit § 25 EStG. Der zentrale Punkt, dass auch Bezüge aus einem früheren Dienstverhältnis erfasst sind, fehlt. Wegen der falschen Rechtsgrundlagen ist sie hallucinated."
14,9190c4ef9e54d509,Binnen welcher Frist muss ein steuerpflichtiger Erwerbsvorgang dem Finanzamt angezeigt werden?,"Absatz eins, Paragraph zwei bis sieben. Der Steuerpflichtige kann den Vorgang anzeigen lassen und auf Verlangen des Finanzamtes eine Anzeige erstatten ( Abs. 2). Die Meldung ist mit einem Hinweis versehen (§ 8 Z 1), der die Ordnungsmäßigkeitsprüfung gemäß",Gemäß § 10 Abs. 1 GrEStG ist jeder steuerpflichtige Erwerbsvorgang bis zum 15. Tag des auf das Entstehen der Steuerschuld zweitfolgenden Monats beim Finanzamt anzuzeigen (sofern keine Selbstberechnung durch Notar/Anwalt erfolgt).,§ 10 Abs. 1 GrEStG 1987,0,0,0,1,1,1,"„Erwerbsvorgänge, die diesem Bundesgesetz unterliegen, sind bis zum 15. Tag des auf den Kalendermonat, in dem die Steuerschuld entstanden ist, zweitfolgenden Monats beim Finanzamt Österreich mit einer Abgabenerklärung anzuzeigen.“",Die Antwort nennt die gesetzliche Frist nicht und bleibt sprachlich kaum verständlich. Der maßgebliche 15. Tag des zweitfolgenden Monats fehlt vollständig; stattdessen werden unklare und nicht passende Verweise genannt.
15,91a3471ca85df5d1,"Eine Bank bietet ihren Kunden ein Paket an, das Depotführung, Verwahrung der Wertpapiere, laufende administrative Verwaltung und die Durchführung von Kauf und Verkauf derselben Wertpapiere umfasst. Die Bank macht geltend, es handle sich um einen einheitlichen Finanzumsatz im Zusammenhang mit Wertpapieren. Zu untersuchen ist, welche Bestandteile von der Befreiung erfasst werden und welche nicht.","ören Einkünfte aus der Veräußerung, die Verkauf und die Verwaltung von Kryptowährungen.","Nicht das gesamte Paket ist steuerfrei. Umsätze im Geschäft mit Wertpapieren können steuerfrei sein, die Verwahrung und Verwaltung von Wertpapieren sind jedoch ausdrücklich ausgenommen. Diese Leistungen bleiben daher auch dann steuerpflichtig, wenn sie zusammen mit begünstigten Wertpapierumsätzen angeboten werden.",§ 6 Abs. 1 Z 8 lit. f UStG 1994,0,0,0,1,1,1,"„die Umsätze im Geschäft mit Wertpapieren und die Vermittlung dieser Umsätze, ausgenommen die Verwahrung und Verwaltung von Wertpapieren“",Die Antwort hat keinen Bezug zur Frage und spricht stattdessen von Kryptowährungen. Sie unterscheidet nicht zwischen steuerfreien Wertpapierumsätzen und der ausdrücklich ausgenommenen Verwahrung und Verwaltung. Daher ist sie inhaltlich falsch und hallucinated.
16,91ab8aee3b11a004,"Ein Forstwirt betreibt auf einem Teil seines Waldgrundstücks einen kommerziellen Hochseilklettergarten. Er bewirbt diesen stark und verlangt Eintrittsgelder. Fällt der Klettergarten unter die Einkünfte aus Land- und Forstwirtschaft, da er sich im Wald befindet?","Nein, der kommerzielle Hochseilklettergarten fällt nicht unter die Einkünfte aus Land- und Forstwirtschaft, weil er sich nicht im Rahmen eines land- und forstwirtschaftlichen Betriebes befindet (§ 34 bis 47 BAO).","Nein, die Einkünfte aus dem Klettergarten sind Einkünfte aus Gewerbebetrieb gemäß § 23 Z 1 EStG. Obwohl die Anlage im Wald steht, fehlt der direkte wirtschaftliche Bezug zur land- und forstwirtschaftlichen Urproduktion (Bodenbewirtschaftung). Die Tätigkeit ist selbstständig, nachhaltig, auf Gewinn gerichtet und beteiligt sich am allgemeinen wirtschaftlichen Verkehr, ohne Land- und Forstwirtschaft oder selbstständige Arbeit zu sein.",§ 23 EStG 1988,3,2,2,2,4,1,"„Einkünfte aus Gewerbebetrieb sind: Einkünfte aus einer selbständigen, nachhaltigen Betätigung, die mit Gewinnabsicht unternommen wird und sich als Beteiligung am allgemeinen wirtschaftlichen Verkehr darstellt, wenn die Betätigung weder als Ausübung der Land- und Forstwirtschaft noch als selbständige Arbeit anzusehen ist.“","Die Antwort kommt zwar zum richtigen Ergebnis, begründet es aber falsch bzw. ungenau mit §§ 34 bis 47 BAO. Der richtige Bezug wäre § 23 EStG und die Einordnung als Gewerbebetrieb, weil die Tätigkeit selbständig, nachhaltig, gewinnorientiert und nicht Teil der land- und forstwirtschaftlichen Urproduktion ist."
17,924a21a19d76f926,Arbeitnehmer A arbeitet laut Vereinbarung mit seinem Arbeitgeber an 120 Tagen im Jahr ausschließlich von zuhause. Sein Arbeitgeber zahlt ihm ein Homeoffice-Pauschale von 3 Euro pro Tag. Wie viel kann steuerfrei ausbezahlt werden?,"Der Arbeitnehmer erhält pro Tag 3 Euro Homeoffice-Pauschale.  Da es sich um einen Teilzeitjob handelt, wird diese Pauschale **steuerfrei** sein. 


**Relevant:**

* **EStG § 20 Abs. 1 Z 2 lit. d**:  Die Homeoffice-Pauschale ist bis zu 3 Euro pro Tag steuerfrei. 



Es ist wichtig zu beachten, dass dies nur die allgemeine Regelung ist. Es können weitere Faktoren wie z. B. individuelle Vereinbarungen oder spezifische Regelungen innerhalb des Arbeitsvertrages relevant sein.",Gemäß § 26 Z 9 lit. a EStG ist das Homeoffice-Pauschale auf höchstens 100 Tage im Kalenderjahr begrenzt. Steuerfrei sind daher maximal 100 × 3 Euro = 300 Euro. Die verbleibenden 20 Tage (60 Euro) sind steuerpflichtig.,§ 26 Z 9 lit. a EStG,3,2,2,2,4,1,"„Das Telearbeitspauschale beträgt bis zu drei Euro pro ausschließlichem Telearbeitstag und steht für höchstens 100 Tage im Kalenderjahr zu.“
„Übersteigt das nicht steuerbar ausgezahlte Telearbeitspauschale insgesamt den Betrag von 300 Euro pro Kalenderjahr, stellt der übersteigende Teil steuerpflichtigen Arbeitslohn dar.“","Die Antwort erkennt zwar den Betrag von 3 Euro pro Tag, übersieht aber die Begrenzung auf höchstens 100 Tage bzw. 300 Euro pro Jahr. Außerdem nennt sie eine falsche Rechtsgrundlage und begründet die Steuerfreiheit unpassend mit einem Teilzeitjob.

"
18,92c451417f96fc10,Ein Unternehmer ordnet ein Bürogebäude seinem Unternehmen zu; bei Anschaffung bestand ein teilweiser Vorsteuerabzug. Später nutzt er einen Teil des Gebäudes unentgeltlich privat. Wird diese Verwendung nach § 3a Abs. 1a Z 1 einer sonstigen Leistung gegen Entgelt gleichgestellt?,"Nein, die Verwendung des Gebäudes für private Zwecke ist nicht eine Leistung gegen Entgelt. 10. 11. 12. 13. 14. 15. 16. 17. 18. 19. 20. 21. 22. 23. 24. 25. 26. 27.","Nein. Zwar wird die Verwendung eines dem Unternehmen zugeordneten Gegenstandes für unternehmensfremde Zwecke grundsätzlich einer sonstigen Leistung gegen Entgelt gleichgestellt, wenn der Gegenstand zum vollen oder teilweisen Vorsteuerabzug berechtigt hat. Diese Gleichstellung gilt aber ausdrücklich nicht für die Verwendung eines dem Unternehmen zugeordneten Grundstückes.",§ 3a Abs. 1a Z 1 UStG 1994,3,2,2,2,4,0,"„Die Verwendung eines dem Unternehmen zugeordneten Gegenstandes, der zum vollen oder teilweisen Vorsteuerabzug berechtigt hat, durch den Unternehmer für Zwecke, die außerhalb des Unternehmens liegen“
„Z 1 gilt nicht für die Verwendung eines dem Unternehmen zugeordneten Grundstückes.“","Die Antwort kommt zum richtigen Ergebnis, erklärt aber den entscheidenden Grund nicht. Nach der Quelle gilt die Gleichstellung grundsätzlich, aber gerade nicht für ein dem Unternehmen zugeordnetes Grundstück."
19,933a1c8f56536224,"Hat die Art der Einkommensverwendung (Ausschüttung, Entnahme etc.) Einfluss auf die Einkommensermittlung?","Ja, die Art der Einkommensverwendung kann Einfluss auf die Einkommensermittlung haben, da bestimmte Arten der Einkommensverwendung, wie z.B. Ausschüttungen oder Entnahmen aus Kapitalanlagen, durch bestimmte Steuervorschriften (z.B. Kapitalertragsteuergesetz) geregelt sind und somit die Einkommensermittlung beeinflussen können.","Nein. Gemäß § 8 Abs. 2 KStG ist es ohne Bedeutung, ob das Einkommen durch offene oder verdeckte Ausschüttungen verteilt, entnommen oder in anderer Weise verwendet wird.",§ 8 Abs. 2 KStG 1988,0,0,0,1,2,1,"„Für die Ermittlung des Einkommens ist es ohne Bedeutung, ob das Einkommen im Wege offener oder verdeckter Ausschüttungen verteilt oder entnommen oder in anderer Weise verwendet wird.“",Die Antwort behauptet das Gegenteil der Quelle. Nach § 8 Abs. 2 KStG ist die Art der Einkommensverwendung für die Einkommensermittlung gerade ohne Bedeutung. Die genannten Hinweise auf Kapitalertragsteuer ändern daran nichts und sind hier nicht passend.
20,93a4f9d953ca3c17,"Mitarbeiter B bekommt von seinem Arbeitgeber ein E-Bike zur Verfügung gestellt. Manchmal nutzt er dieses Rad für private Ausfahrten. Mitarbeiter B hat dabei keine Bedenken bei der privaten Nutzung, da der Sachbezug des E-Bikes Null beträgt. Sind diese Fahrten steuerlich irrelevant?","Ja, die Fahrten mit dem E-Bike sind steuerlich irrelevant. Der Sachbezug des E-Bikes beträgt Null, was bedeutet, dass sie nicht als Arbeitsgerät oder Arbeitsmittel angesehen werden kann. Daher können Mitarbeiter B seine Ausfahrt mit dem E-Bike ohne Steuergenehmigung ausführen.","Laut § 4b SachbezugsVO ist die private Nutzung des E-Bikes, da auch der Sachbezug des E-Bikes Null ist ebenso mit Null anzusetzen. Somit auch steuerlich nicht weiter relevant.",§ 4b SachbezugsVO,4,3,3,3,4,0,"„Besteht für den Arbeitnehmer die Möglichkeit, ein arbeitgebereigenes Fahrrad oder Kraftrad mit einem CO2-Emissionswert von 0 Gramm pro Kilometer für nicht beruflich veranlasste Fahrten einschließlich Fahrten zwischen Wohnung und Arbeitsstätte zu benützen, ist ein Sachbezugswert von Null anzusetzen.“","Die Antwort kommt im Ergebnis richtig dazu, dass für die private Nutzung kein steuerpflichtiger Sachbezug entsteht. Die Begründung ist sprachlich ungenau und etwas unsauber, aber der Kern entspricht § 4b SachbezugsVO."
21,93e6f2c31dbc8b8e,Werden bei der laufenden Lohnsteuerberechnung für beschränkt lohnsteuerpflichtige Arbeitnehmer dieselben Absetzbeträge berücksichtigt wie bei unbeschränkt Steuerpflichtigen?,der Arbeitnehmer durch das Massenbeförderungsmittel sind in der Regel steuerpflichtig.,"Nein. Bei beschränkt lohnsteuerpflichtigen Arbeitnehmern sind nach § 70 Abs. 2 Z 1 EStG 1988 bestimmte Absetzbeträge, insbesondere nach § 33 Abs. 3a und § 33 Abs. 4 Z 1 und 2 EStG 1988, nicht zu berücksichtigen.",§ 70 Abs. 2 Z 1 EStG 1988,0,0,0,0,1,0,"„Die Lohnsteuer wird berechnet: Soweit nicht Z 2 zur Anwendung kommt, nach § 33 Abs. 5 sowie Abs. 6 und § 66 mit der Maßgabe, dass Absetzbeträge nach § 33 Abs. 3a und § 33 Abs. 4 Z 1 und Z 2 nicht zu berücksichtigen sind.“","Die Antwort hat keinen Bezug zur Frage nach Absetzbeträgen bei beschränkt lohnsteuerpflichtigen Arbeitnehmern. Sie beantwortet die Frage nicht und nennt auch nicht, dass bestimmte Absetzbeträge nicht zu berücksichtigen sind."
22,941440d299b9e237,"Kann bei beschränkt lohnsteuerpflichtigen Arbeitnehmern die Lohnsteuer grundsätzlich nach dem normalen Tarif berechnet werden, allerdings mit Kürzung bestimmter Absetzbeträge?","Ja, das ist möglich, sofern die Voraussetzungen erfüllt sind (§ 33 Abs. 4 Z 1 EStG).","Ja, das kann nach § 70 Abs. 2 Z 1 EStG 1988 gemacht werden. Soweit nicht die Sonderregel des § 70 Abs. 2 Z 2 gilt, wird die Lohnsteuer nach den Tarifvorschriften berechnet, wobei bestimmte Absetzbeträge nicht zu berücksichtigen sind.",§ 70 Abs. 2 Z 1 EStG 1988,3,2,2,2,4,1,"„Soweit nicht Z 2 zur Anwendung kommt, nach § 33 Abs. 5 sowie Abs. 6 und § 66 mit der Maßgabe, dass Absetzbeträge nach § 33 Abs. 3a und § 33 Abs. 4 Z 1 und Z 2 nicht zu berücksichtigen sind.“","Die Antwort kommt im Ergebnis grundsätzlich richtig zu „Ja“, verweist aber auf die falsche Bestimmung. Maßgeblich ist § 70 Abs. 2 Z 1 EStG, nicht § 33 Abs. 4 Z 1 EStG. Außerdem bleibt offen, dass bestimmte Absetzbeträge gerade nicht zu berücksichtigen sind."
23,94337df447815645,"Ein ausländischer Gewerbetreibender hat in Österreich keine Betriebsstätte, aber einen ständigen Vertreter. Können dadurch in Österreich beschränkt steuerpflichtige gewerbliche Einkünfte entstehen?","Ja, ein ausländischer Gewerbetreibender mit ständigem Vertreter in Österreich kann in Österreich steuerpflichtige gewerbliche Einkünfte erwirtschaften (z.B. durch den Verkauf von Waren oder Dienstleistungen). Relevantes Gesetz: § 1 Abs. 1, 3 KStG (Steuergesetz) und § 24 Abs. 1 KStG (Kapitalerwerbssteuergesetz).

§ 1 Abs. 1 KStG definiert Steuerpflichtige als jene natürliche oder juristische Personen, die in Österreich steuerpflichtige Einkünfte erwirtschaften.

§ 1 Abs. 3 KStG ergänzt dies durch die Definition von Steuerpflichtigen, die in Österreich keinen ständigen Wohn",Ja. Auch ein im Inland bestellter ständiger Vertreter begründet nach § 98 Abs. 1 Z 3 EStG 1988 bei gewerblichen Einkünften eine inländische Anknüpfung für die beschränkte Steuerpflicht.,§ 98 Abs. 1 Z 3 EStG 1988,3,2,2,2,4,1,"„Einkünfte aus Gewerbebetrieb (§ 23), für den im Inland eine Betriebsstätte unterhalten wird oder für den im Inland ein ständiger Vertreter bestellt ist“","Die Antwort kommt im Ergebnis grundsätzlich zu „Ja“, nennt aber falsche und unpassende KStG-Verweise. Maßgeblich ist § 98 Abs. 1 Z 3 EStG, wonach auch ein ständiger Vertreter im Inland eine beschränkte Steuerpflicht für gewerbliche Einkünfte begründen kann."
24,94d1ce0c78f98040,Ein Gesellschafter einer Bau-Offenen-Gesellschaft (OG) arbeitet zusätzlich stundenweise als Bauleiter auf den Baustellen der OG und erhält dafür einen tariflichen Stundenlohn ausbezahlt. Kann er diese Einkünfte als Einkünfte aus nichtselbstständiger Arbeit (Lohnsteuer) geltend machen?,"Ja, der Gesellschafter kann die für die Tätigkeit als Bauleiter gezahlten Stundenlohn-Einkünfte als Einkünfte aus nichtselbstständiger Arbeit (Lohnsteuer) versteuern lassen, sofern die Tätigkeit nicht als selbstständig gilt. Die Abgrenzung zwischen selbstständiger und nichtselbstständiger Arbeit hängt von Umständen wie der Dauer, der Verantwortung und der Unabhängigkeit ab.","Nein. Gemäß § 23 Z 2 EStG zählen Vergütungen, die ein Mitunternehmer von der Gesellschaft für seine Tätigkeit im Dienste der Gesellschaft bezieht, ausnahmslos zu den Einkünften aus Gewerbebetrieb. Ein steuerrechtliches Dienstverhältnis zur eigenen Mitunternehmerschaft ist nicht möglich.",§ 23 EStG 1988,1,1,1,1,3,0,"„Gewinnanteile der Gesellschafter von Gesellschaften, bei denen die Gesellschafter als Mitunternehmer anzusehen sind, sowie die Vergütungen, die die Gesellschafter von der Gesellschaft für ihre Tätigkeit im Dienste der Gesellschaft bezogen haben.“","Die Antwort kommt zum falschen Ergebnis. Vergütungen eines Mitunternehmers für Tätigkeiten im Dienst der OG zählen nach § 23 EStG zu den Einkünften aus Gewerbebetrieb und nicht zu nichtselbständiger Arbeit. Die Antwort bleibt bei einer allgemeinen Abgrenzung, obwohl die Quelle hier eine klare Sonderregel enthält.
"
25,9511b0ca5ce69948,Herr Fuchs betreibt über seinen privaten Computer Staking für das Cardano-Netzwerk. Die Staking-Plattform bezeichnet die Erträge als ‚Interest Rewards'. In seiner Jahresabrechnung werden die Erträge auch als ‚Zinsen' ausgewiesen. Im Jahr 2026 erhält Herr Fuchs insgesamt 12.000 ADA als ‚Interest Rewards' gutgeschrieben. Der Marktwert zum jeweiligen Zuflusszeitpunkt beträgt insgesamt EUR 6.600. Herr Fuchs behandelt die Erträge als Zinsen aus Kapitalforderungen (§ 27 Abs. 2 Z 2 EStG) und beantragt im Rahmen der Veranlagung die Anrechnung der damit verbundenen DeFi-Transaktionskosten als Werbungskosten. Ist diese Einordnung korrekt?,"Die Einordnung der Erträge als Zinsen aus Kapitalforderungen ist korrekt. Die Anrechnung der DeFi-Transaktionskosten als Werbungskosten ist jedoch nicht möglich, da diese nicht direkt mit den Zinsen zusammenhängen.","Nein. Ungeachtet der Bezeichnung durch die Plattform als ‚Interest' oder ‚Zinsen' handelt es sich bei Staking-Rewards steuerlich nicht um Zinsen aus Kapitalforderungen gemäß § 27 Abs. 2 Z 2 EStG, sondern um Einkünfte aus der Überlassung von Kryptowährungen gemäß § 27b Abs. 2 EStG. Die Bezeichnung durch die Plattform ist für die steuerliche Qualifikation irrelevant; maßgeblich ist die rechtliche Natur des Vorgangs. Da es sich um Einkünfte gemäß § 27b handelt, gilt das Abzugsverbot für Aufwendungen gemäß § 20 Abs. 2 EStG iVm der Sondersatzbesteuerung nach § 27a Abs. 1 EStG. Die DeFi-Transaktionskosten sind daher nicht als Werbungskosten abzugsfähig. Die Einkünfte von EUR 6.600 unterliegen dem besonderen Steuersatz von 27,5 %.",§ 27b Abs. 2 EStG; § 27 Abs. 2 Z 2 EStG; § 27a Abs. 1 EStG; § 20 Abs. 2 EStG,2,1,1,2,3,1,"„Zinsen, und andere Erträgnisse aus Kapitalforderungen jeder Art, beispielsweise aus Darlehen, Anleihen, Hypotheken, Einlagen, Guthaben bei Kreditinstituten“
„Zu den Einkünften aus Kryptowährungen gehören laufende Einkünfte aus Kryptowährungen sowie Einkünfte aus realisierten Wertsteigerungen von Kryptowährungen nach Maßgabe des § 27b.“ 
„Aufwendungen und Ausgaben [dürfen] nicht abgezogen werden, soweit sie in unmittelbarem wirtschaftlichen Zusammenhang stehen mit Einkünften im Sinne des § 27 Abs. 4a, auf die der besondere Steuersatz gemäß § 27a Abs. 1 Z 2 angewendet wird.“","Die Antwort ist im Hauptpunkt falsch, weil Staking-Erträge nicht als Zinsen aus Kapitalforderungen einzuordnen sind, sondern zu den Einkünften aus Kryptowährungen gehören. Richtig ist nur das Ergebnis, dass die Transaktionskosten nicht als Werbungskosten abzugsfähig sind; die Begründung dafür bleibt aber ungenau."
26,953963638e7e29f4,"""Christian führt ein Bed & Breakfast in Österreich. Christian ist aber australischer Staatsbürger. Wo ist die Leistung steuerpflichtig?""",Die Leistungen des von einem Ausländer wie Christian erbrachten Bed & Breakfasts in Österreich sind nach § 10 Abs. 2 EStDAG steuerpflichtig.,"""In Österreich. Es handelt sich um eine Beherbergungsleistung (B2C). Gemäß § 3a Abs. 9 UStG 1994 wird eine sonstige Leistung im Zusammenhang mit einem Grundstück dort ausgeführt, wo das Grundstück gelegen ist. Sonstige Leistungen im Zusammenhang mit einem Grundstück sind auch: [...] b) die Beherbergung in der Hotelbranche oder in Branchen mit ähnlicher Funktion (zB in Ferienlagern oder auf Campingplätzen). [...|""",§ 3a Abs. 9 UStG 1994,1,0,0,1,2,1,"„Eine sonstige Leistung im Zusammenhang mit einem Grundstück wird dort ausgeführt, wo das Grundstück gelegen ist.“
„Sonstige Leistungen im Zusammenhang mit einem Grundstück sind auch: die Beherbergung in der Hotelbranche oder in Branchen mit ähnlicher Funktion.“","Die Antwort nennt zwar Österreich als Ergebnis, begründet dies aber mit einer falschen und nicht passenden Rechtsgrundlage. Maßgeblich ist nicht die Staatsbürgerschaft von Christian, sondern der Ort des Grundstücks nach § 3a Abs. 9 UStG."
27,95842080b2ba87f6,"Ein Produzent übergibt Waren an einen Kommissionär, der sie im eigenen Namen, aber für Rechnung des Produzenten verkaufen soll. Die Waren befinden sich bereits im Lager des Kommissionärs, wurden aber noch nicht an den Endkunden verkauft. Gilt die Lieferung des Produzenten an den Kommissionär bereits als ausgeführt?","In Österreichen ist gemeldet, dass in unserer Regel gegenseitig mit dem Gesetzliche Steuergesellschaften (GSt) betroffen wird und dieses regelt zudem keine Erlaubnis abbildet worden sowieso. Dennoch muss ihn erstattete Ingenieure oder Facharbeitende von unternehmen direkt entsteht. Der Antrag vorgeworfen wurdest du hilfreichgestellte Zinslagen steuert - insbesondere vom kostengünstige Vorsitzender-Regul","Nein. Beim Kommissionsgeschäft liegt zwar zwischen Kommittenten und Kommissionär eine Lieferung vor. Bei der Verkaufskommission gilt die Lieferung des Kommittenten aber erst mit der Lieferung durch den Kommissionär als ausgeführt. Solange der Kommissionär noch nicht an den Endkunden geliefert hat, gilt die Lieferung des Produzenten noch nicht als ausgeführt.",§ 3 Abs. 3 UStG 1994,0,0,0,0,1,1,„Beim Kommissionsgeschäft liegt zwischen dem Kommittenten und dem Kommissionär eine Lieferung vor. Bei der Verkaufskommission gilt die Lieferung des Kommittenten erst mit der Lieferung durch den Kommissionär als ausgeführt.“,"Die Antwort ist sprachlich unverständlich und beantwortet die Frage nicht. Nach § 3 Abs. 3 UStG gilt die Lieferung des Produzenten bei der Verkaufskommission erst als ausgeführt, wenn der Kommissionär an den Endkunden liefert."
28,959c290cf3a03cea,„Ein Unternehmer beauftragt im eigenen Namen eine IT-Dienstleistung bei einem Dritten und stellt sie seinem Kunden weiter in Rechnung. Wie wird diese Leistung behandelt?“,Die IT-Dienstleistung ist als Dienstleistung im Sinne des § 1 Abs. 1 EStG 1988 zu behandeln. Die Beauftragung und die Übertragung der Leistung an den Kunden sind als Beauftragungsgeschäftsleistung im Sinne des § 1 Abs. 1 EStG 1988 zu,"„Als Besorgungsleistung, wobei die Rechtsvorschriften der besorgten IT-Leistung entsprechend anzuwenden sind.“",§ 3a Abs. 4 UStG 1994,1,1,0,1,2,1,"„Besorgt ein Unternehmer eine sonstige Leistung, so sind die für die besorgte Leistung geltenden Rechtsvorschriften auf die Besorgungsleistung entsprechend anzuwenden.“","Die Antwort erkennt zwar grob, dass es um eine Dienstleistung geht, nennt aber fälschlich das EStG statt § 3a Abs. 4 UStG. Die Behandlung als Besorgungsleistung und die Anwendung der Rechtsvorschriften der besorgten IT-Leistung fehlen."
29,95dfb5ee4a9a80bf,"Ein Auftraggeber übergibt einem Verarbeiter Silbergranulat zur Herstellung spezieller Kontakte. Vertraglich ist vereinbart, dass der Auftraggeber die bei der Verarbeitung entstehenden Silberreste und Schleifabfälle an den Verarbeiter zurückzugeben hat. Tatsächlich gibt der Auftraggeber am Ende nicht exakt diese konkreten Rückstände zurück, sondern Silberabfälle gleicher Art, wie sie in seinem Unternehmen regelmäßig anfallen. Erstreckt sich die Lieferung des Verarbeiters trotzdem auf den gesamten ursprünglichen Silbergehalt des übergebenen Materials?","Ja, gemäß § 18 Abs. 2 UStG erstreckt sich die Lieferung des Verarbeiters auch auf die Mengen, die im Rahmen der Verarbeitung abgetrennt wurden (§ 4 Abs. 3 Z 6 EStG). Daher gilt das gesamte Material als eingesetzt, wenn der Verarbeiter die Rückgabe der abgetrennten Mengen nicht mehr erfordert.","Nein. Muss ein Abnehmer dem Lieferer die bei der Bearbeitung oder Verarbeitung entstehenden Nebenerzeugnisse oder Abfälle zurückgeben, beschränkt sich die Lieferung auf den Gehalt des Gegenstandes an den Bestandteilen, die dem Abnehmer verbleiben. Das gilt auch dann, wenn der Abnehmer statt der konkret entstandenen Nebenerzeugnisse oder Abfälle Gegenstände gleicher Art zurückgibt, wie sie in seinem Unternehmen regelmäßig anfallen.",§ 3 Abs. 5 UStG 1994,0,0,0,1,2,1,"„Hat ein Abnehmer dem Lieferer die Nebenerzeugnisse oder Abfälle, die bei der Bearbeitung oder Verarbeitung des ihm übergebenen Gegenstandes entstehen, zurückzugeben, so beschränkt sich die Lieferung auf den Gehalt des Gegenstandes an den Bestandteilen, die dem Abnehmer verbleiben. Das gilt auch dann, wenn der Abnehmer an Stelle der bei der Bearbeitung oder Verarbeitung entstehenden Nebenerzeugnisse oder Abfälle Gegenstände gleicher Art zurückgibt, wie sie in seinem Unternehmen regelmäßig anfallen.“","Die Antwort kommt zum falschen Ergebnis und nennt unpassende Rechtsgrundlagen. Nach § 3 Abs. 5 UStG erstreckt sich die Lieferung gerade nicht auf den gesamten ursprünglichen Silbergehalt, wenn Abfälle oder gleichartige Gegenstände zurückzugeben sind."
30,95e2812337ca05dc,"Mitarbeiter B bekommt von seinem Arbeitgeber ein E-Bike zur Verfügung gestellt. Manchmal nutzt er dieses Rad für private Ausfahrten. Mitarbeiter B hat dabei keine Bedenken bei der privaten Nutzung, da der Sachbezug des E-Bikes Null beträgt. Sind diese Fahrten steuerlich irrelevant?","Die Annahme von Mitarbeiter B, dass der Sachbezug für die private Nutzung des E-Bikes Null beträgt, ist steuerrechtlich nicht korrekt, da die private Nutzung eines vom Arbeitgeber zur Verfügung gestellten Wirtschaftsgutes grundsätzlich einen steuerpflichtigen Sachbezug gemäß § 11 Abs 1 EStG darstellt. Die Bewertung dieses geldwerten Vorteils richtet sich in Österreich nach der Sachbezugswerte-Verordnung (SachbezugswV), welche für die private Nutzung von Fahrrädern, einschließlich E-Bikes, spezifische Monatswerte festlegt; dabei wird der Sachbezugswert in der Regel auf Basis des Anschaffungspreises des E-Bikes ermittelt (z. B. durch einen prozentualen Monatswert des Bruttokaufpreises). Da die SachbezugswV für E-Bikes explizite Werte vorsieht, ist der Sachbezug nicht Null, und die privaten Fahrten sind somit nicht steuerlich irrelevant, sondern führen zu einem zu versteuernden Einkommen, das zudem der Sozialversicherungspflicht unterliegt und über die Lohnabrechnung abgerechnet werden muss.","Laut § 4b SachbezugsVO ist die private Nutzung des E-Bikes, da auch der Sachbezug des E-Bikes Null ist ebenso mit Null anzusetzen. Somit auch steuerlich nicht weiter relevant.",§ 4b SachbezugsVO,0,0,0,1,3,1,"„Besteht für den Arbeitnehmer die Möglichkeit, ein arbeitgebereigenes Fahrrad oder Kraftrad mit einem CO2-Emissionswert von 0 Gramm pro Kilometer für nicht beruflich veranlasste Fahrten einschließlich Fahrten zwischen Wohnung und Arbeitsstätte zu benützen, ist ein Sachbezugswert von Null anzusetzen.“",Die Antwort behauptet das Gegenteil der Quelle. Nach § 4b SachbezugsVO ist für die private Nutzung eines arbeitgebereigenen E-Bikes ein Sachbezugswert von Null anzusetzen. Die Aussagen zu einem steuerpflichtigen Sachbezug und einer Bewertung nach Anschaffungspreis sind daher falsch und hallucinated.
31,95fc7a7f45e30ad0,Eine erfolgreiche Rockband (freiberuflich tätig als Künstler) verkauft bei ihren Konzerten in großem Stil T-Shirts und Kappen mit ihrem Logo. Der Umsatz aus diesem Merchandise-Verkauf macht mittlerweile 50 % ihrer Gesamteinnahmen aus. Ist der Verkauf der T-Shirts steuerlich als Gewerbebetrieb zu werten?,Der Verkauf der T-Shirts ist steuerlich als Gewerbebetrieb zu werten. Das Gesetz sieht die Werbungskostenpauschalbeträge als Sonderregelung für den Bereich der Werbungskostenpauschalbeträge.,"Ja, der Verkauf von Merchandise-Artikeln ist ein Gewerbebetrieb gemäß § 23 Z 1 EStG. Während die musikalische Darbietung unter die selbstständige Arbeit (Künstlertätigkeit) fällt, ist der Handel mit physischen Produkten eine gewerbliche Tätigkeit (Trennungsprinzip). Die Tätigkeit ist selbstständig, nachhaltig, gewinnorientiert und am Markt platziert.",§ 23 EStG 1988,3,1,1,2,3,1,"„Einkünfte aus Gewerbebetrieb sind: Einkünfte aus einer selbständigen, nachhaltigen Betätigung, die mit Gewinnabsicht unternommen wird und sich als Beteiligung am allgemeinen wirtschaftlichen Verkehr darstellt, wenn die Betätigung weder als Ausübung der Land- und Forstwirtschaft noch als selbständige Arbeit anzusehen ist.“","Die Antwort kommt zwar zum richtigen Ergebnis, erklärt es aber nicht anhand von § 23 EStG. Der Hinweis auf Werbungskostenpauschalbeträge passt nicht zur Frage und wirkt erfunden bzw. sachfremd. Die Abgrenzung zwischen künstlerischer Tätigkeit und gewerblichem Merchandise-Verkauf fehlt."
32,98bc5d9319f537ea,Ein 60-jähriger Unternehmer überträgt seinen Gewerbebetrieb unentgeltlich an seine Tochter. Zum Betriebsvermögen gehört eine Betriebsliegenschaft im Wert von 1.200.000 Euro. Welcher Betrag bleibt steuerfrei und welche Bedingung muss die Tochter erfüllen?,"Die unentgeltliche Übertragung eines Gewerbebetriebes unterliegt gemäß § 4 Abs. 1 des Einkommensteuergesetzes (EStG) den Bestimmungen der Schenkungssteuer, die vor allem durch das Erbschafts- und Schenkungssteuergesetz (ErbStG) geregelt wird. In Österreich wurde die Schenkungssteuer jedoch abgeschafft, sodass ab 2008 keine Schenkungssteuer mehr anfällt.

Allerdings gibt es im Rahmen der Einkommensteuer und der BEG (Betriebsübergangsrichtlinien) gewisse Regelungen, die berücksichtigt werden müssen, insbesondere beim Übergang des Betriebsvermögens. 

Gemäß § 13 Abs. 1 Z 8 EStG bleibt im Zuge eines Betriebsübergangs unter bestimmten Voraussetzungen der ""Freibetrag"" von 300.000 Euro steuerfrei. Dieser Betrag bezieht sich auf den Wert des Betriebsvermögens, der bei der Übertragung steuerlich unberücksichtigt bleibt. 

Zusätzlich ist zu beachten, dass die Tochter als Nachfolgerin des Unternehmens die Voraussetzungen des § 13a EStG erfüllen muss. Das bedeutet, dass sie den Betrieb mindestens sieben Jahre lang fortführen muss, um die steuerliche Begünstigung zu erhalten. Zudem muss sie einen Teil der erworbene Betriebsliegenschaft (hier in Höhe von 1.200.000 Euro) aktiv nutzen.

Zusammenfassend:

- **Steuerfreier Betrag:** 300.000 Euro
- **Bedingung für die Tochter:** Sie muss den Betrieb mindestens sieben Jahre lang fortführen und die Betriebsliegenschaft aktiv nutzen.

Bitte beachten Sie, dass die genauen Umstände der Übertragung, wie etwa die Verhältnisse zwischen Vater und Tochter sowie die genaue Struktur des Unternehmens, auch eine Rolle spielen können und eine spezifische steuerliche Beratung in Anspruch genommen werden sollte.","Bei der unentgeltlichen Übertragung eines Betriebs bleibt ein Freibetrag von 365.000 € steuerfrei (§ 3 Abs. 1 Z 2 EStG). Voraussetzung ist, dass die Tochter den Betrieb mindestens fünf Jahre fortführt; andernfalls kommt es zur Nacherhebung.","§ 3 Abs. 1 Z 2 lit. c GrEStG 1987, § 3 Abs. 1 Z 2 lit. f GrEStG 1987",2,1,1,2,3,1,"„Die Befreiung steht nur bis zu einem Wert von 900 000 Euro (Freibetrag) zu.“
„Die Steuer ist nachzuerheben, wenn der Erwerber innerhalb von fünf Jahren nach dem Erwerb das Vermögen gemäß lit. a oder wesentliche Grundlagen davon entgeltlich oder unentgeltlich überträgt, betriebsfremden Zwecken zuführt oder wenn der Betrieb oder Teilbetrieb aufgegeben wird.“","Die Antwort erkennt zwar grundsätzlich, dass es um eine Begünstigung bei Betriebsübertragung geht, nennt aber einen falschen Freibetrag und eine falsche Frist. Nach der Quelle beträgt der Freibetrag 900.000 Euro und die Nacherhebung knüpft an Vorgänge innerhalb von fünf Jahren an. Die Verweise auf EStG, ErbStG und sieben Jahre sind nicht passend.

"
33,98e937e1eacd9d00,"Zwei Miteigentümer teilen ein Grundstück auf. Einer erhält jedoch ein deutlich wertvolleres Teilgrundstück, als es seinem bisherigen Bruchteil entspricht. Ist die gesamte Teilung steuerfrei?","Nein, die gesamte Teilung ist nicht steuerfrei. Der Wert des zu erwerbenden Mehrwert wird im Rahmen der Erwägungsbestimmung (ErB) gemäß § 10 Abs. 3 Satz 4 StGB versteuert. Die Teilung kann nur steuerfrei sein, wenn sie sich auf den gleichen Eigentümer bezieht. Die Teilung von einem Grundstück auf mehrere Teile, einschließlich eines Teils mit einem höheren Wert, kann nicht ohne Steuer erfolgen.","Nein. § 3 Abs. 2 GrEStG 1987 befreit die Teilung nur insoweit, als der Wert des erhaltenen Teilgrundstückes dem bisherigen Bruchteil am gesamten Grundstück entspricht. Soweit darüber hinaus ein Mehrerwerb vorliegt, greift diese Befreiung nicht vollständig.",§ 3 Abs. 2 GrEStG 1987,2,1,1,2,3,1,"„Wird ein Grundstück, das mehreren Miteigentümern gehört, von diesen der Fläche nach geteilt, so wird die Steuer nicht erhoben, soweit der Wert des Teilgrundstückes, das der einzelne Erwerber erhält, dem Bruchteil entspricht, mit dem er am gesamten zu verteilenden Grundstück beteiligt ist.“","Die Antwort kommt zwar zum richtigen Ergebnis, dass nicht die gesamte Teilung steuerfrei ist, begründet dies aber mit einer völlig falschen Rechtsgrundlage. Maßgeblich ist § 3 Abs. 2 GrEStG: steuerfrei ist die Teilung nur insoweit, als der erhaltene Wert dem bisherigen Bruchteil entspricht."
34,98ed2e421667ac78,"Ein Träger der Sozialversicherung verrechnet Leistungen an Versicherte, an mitversicherte Angehörige, an zum Ersatz von Fürsorgekosten Verpflichtete und an externe Unternehmen, die für eigene Projekte Gesundheitschecks einkaufen. Der Träger vertritt die Ansicht, seine öffentlich rechtliche Stellung erfasse alle diese Umsätze. Zu prüfen ist, welche Leistungsempfänger von der Befreiung gedeckt sind.","Die Leistungen an Versicherte, an mitversicherte Angehörige und an externe Unternehmen, die für eigene Projekte Gesundheitschecks einkaufen, fallen nicht unter die Steuerbefreiung. Lediglich die Leistungen an zum Ersatz von Fürsorgekosten Verpflichteten können unter bestimmten Umständen steuerfreie Bezüge sein (§ 4).","Steuerfrei sind nur die gesetzlich genannten Umsätze an die privilegierten Personengruppen sowie die Umsätze untereinander. Leistungen an sonstige außenstehende Dritte, wie hier die externen Unternehmen, sind nicht steuerfrei.",§ 6 Abs. 1 Z 7 UStG 1994,2,1,1,2,3,1,"„die Umsätze der Träger der Sozialversicherung und ihrer Verbände, der Krankenfürsorgeeinrichtungen, und der Träger des öffentlichen Fürsorgewesens untereinander und an die Versicherten, die mitversicherten Familienangehörigen, die Versorgungsberechtigten oder die Hilfeempfänger oder die zum Ersatz von Fürsorgekosten Verpflichteten“","Die Antwort erkennt zwar, dass externe Unternehmen nicht von der Befreiung gedeckt sind, schließt aber fälschlich auch Versicherte und mitversicherte Angehörige aus. Nach § 6 Abs. 1 Z 7 UStG sind gerade diese Gruppen ausdrücklich begünstigt. Der Verweis auf „§ 4“ ist außerdem nicht passend."
35,992d19bf898d0db7,Ein in einem Dienstverhältnis zu einer Krankenanstalt stehender Arzt verrechnet Sonderklassepatienten für persönlich erbrachte Behandlungen gesonderte Honorare. Diese Entgelte qualifizieren einkommensteuerlich als Einkünfte aus selbständiger Arbeit gemäß § 22 Z 1 lit. b EStG 1988. Wie ist der Arzt für diese Honorare umsatzsteuerlich einzuordnen?,Der Arzt wird für die von ihm geleisteten Behandlungsergebnisse (Eingliederungskosten) umsatzsteuerlich einsteuern können. Die Honorare werden dem Arzt nach Art. 3 Abs. 4 des Bundesgesetzes über die Umsetzung der Einführungsgesetzgebung vom 6. Oktober 1975 (UeG; SR 141.411) unter den,"Der Arzt gilt insoweit selbst dann als Unternehmer, wenn er zugleich in einem Dienstverhältnis zur Krankenanstalt steht. § 2 Abs. 6 UStG ordnet für solche vereinnahmten Entgelte ausdrücklich die Unternehmereigenschaft an.",§ 2 Abs. 6 UStG 1994,0,0,0,0,1,1,"„Als Unternehmer gilt auch ein in einem Dienstverhältnis zu einer Krankenanstalt stehender Arzt, soweit er in Ausübung seiner ärztlichen Tätigkeit Entgelte vereinnahmt, die gemäß § 22 Z 1 lit. b des Einkommensteuergesetzes 1988 zu den Einkünften aus selbständiger Arbeit zählen.“",Die Antwort ist unverständlich und hat keinen Bezug zur österreichischen Umsatzsteuerregelung. Nach § 2 Abs. 6 UStG gilt der angestellte Krankenhausarzt für diese gesondert vereinnahmten Sonderklassehonorare ausdrücklich als Unternehmer.
36,9989619dd0243161,"Eine Kommanditistin einer florierenden Logistik-KG kauft privat eine leere Lagerhalle und vermietet diese dauerhaft an die KG, an der sie beteiligt ist. Sie erhält dafür eine marktübliche monatliche Miete. Sind das Einkünfte aus Vermietung und Verpachtung?","Nein, die Einkünfte aus Vermietung und Verpachtung sind nicht gegeben, da die Kommanditistin die Lagerhalle nicht als Vermögensgegenstand für die Kasse der Logistik-KG erwirbt, sondern privat kauft und vermietet. Die Vermietung an die KG ist daher eine private Vermietung, die nicht als Einkünfte aus Vermietung und Verpachtung zu behandeln ist.","Nein. Gemäß § 23 Z 2 EStG gehören Vergütungen, die ein Mitunternehmer (hier die Kommanditistin) für die Überlassung von Wirtschaftsgütern an die Gesellschaft erhält, zwingend zu den Einkünften aus Gewerbebetrieb. Die zivilrechtliche Gestaltung als Mietvertrag wird steuerrechtlich von dieser Spezialvorschrift überlagert (Sonderbetriebsvermögen).",§ 23 EStG 1988,1,1,1,1,3,0,"„Gewinnanteile der Gesellschafter von Gesellschaften, bei denen die Gesellschafter als Mitunternehmer anzusehen sind, sowie die Vergütungen, die die Gesellschafter von der Gesellschaft für ihre Tätigkeit im Dienste der Gesellschaft, für die Hingabe von Darlehen oder für die Überlassung von Wirtschaftsgütern bezogen haben.“","Die Antwort kommt zwar zu „Nein“, begründet es aber falsch. Die Miete ist nicht deshalb keine Vermietungseinkunft, weil die Halle privat gekauft wurde, sondern weil Vergütungen eines Mitunternehmers für die Überlassung von Wirtschaftsgütern an die KG nach § 23 Z 2 EStG zu den Einkünften aus Gewerbebetrieb gehören."
37,9a068e45f9eaf76d,"Welche steuerlichen Konsequenzen hat es, wenn eine Körperschaft ein zinsloses Darlehen an ihren Gesellschafter vergibt?","Die Gewährung eines zinslosen Darlehens durch eine Körperschaft an ihren Gesellschafter hat folgende steuerliche Konsequenzen:

1. **Verdeckte Gewinnausschüttung (vGA):**  
   Nach § 8 Abs. 3 KStG liegt eine verdeckte Gewinnausschüttung vor, wenn eine Körperschaft einem Gesellschafter Vorteile gewährt, die einem fremden Dritten unter fremdüblichen Bedingungen nicht eingeräumt würden. Ein zinsloses Darlehen stellt regelmäßig einen solchen Vorteil dar, da üblicherweise für Darlehen Zinsen zu entrichten sind. Die Differenz zwischen dem marktüblichen Zinssatz und dem tatsächlich vereinbarten Zinssatz ist als vGA zu qualifizieren.

2. **Bemessung der vGA:**  
   Die vGA bemisst sich nach dem entgangenen Zinsertrag, der sich aus dem Unterschied zwischen dem marktüblichen Zinssatz und dem verein",Die nicht verrechneten Zinsen stellen eine verdeckte Ausschüttung dar (§ 8 Abs. 2 KStG) – das Einkommen wird um die fremdüblichen Zinsen erhöht. Grundlage der Einkommensermittlung ist § 7 Abs. 2/3 KStG. § 12 Abs. 1 Z 2 KStG kann zusätzlich greifen bei unangemessen hohen Gesellschaftervorteilen.,§ 7 Abs. 2/3 KStG 1988; § 8 Abs. 2 KStG 1988; § 12 Abs. 1 Z 2 KStG 1988,4,3,3,3,4,0,"„Einkommen ist der Gesamtbetrag der Einkünfte […] Wie das Einkommen zu ermitteln ist, bestimmt sich nach dem Einkommensteuergesetz 1988 und diesem Bundesgesetz.“
„Für die Ermittlung des Einkommens ist es ohne Bedeutung, ob das Einkommen im Wege offener oder verdeckter Ausschüttungen verteilt oder entnommen oder in anderer Weise verwendet wird.“
„Aufwendungen nach § 20 Abs. 1 Z 2 lit. b des Einkommensteuergesetzes 1988, die nicht schon unter § 8 Abs. 2 fallen, soweit sie nach allgemeiner Verkehrsauffassung unangemessen hoch sind.“
","Die Antwort trifft den Kern grundsätzlich richtig: Ein zinsloses Darlehen an einen Gesellschafter kann einen nicht fremdüblichen Vorteil darstellen, sodass die nicht verrechneten fremdüblichen Zinsen als verdeckte Ausschüttung bzw. Einkommenserhöhung zu behandeln sind. Die Antwort ist aber unvollständig und etwas ungenau, weil sie bei der Rechtsgrundlage auf § 8 Abs. 3 KStG verweist, während die Reference answer auf § 8 Abs. 2 KStG abstellt. Außerdem bleibt die konkrete Konsequenz — Erhöhung des steuerpflichtigen Einkommens um fremdübliche Zinsen — nur angeschnitten.

"
38,9a6cbbae07369074,"Mitarbeiter B ist Installateur und fährt täglich mit einem Kastenwagen, mit festverbeuaten Werkzeugregalen und Baustoffen im Ladebereich, von der Arbeit nach Hause. Der Arbeitgeber muss für diese Fahrten keinen Sachbezug ansetzen?","Grundsätzlich stellt die private Nutzung eines vom Arbeitgeber zur Verfügung gestellten Kraftfahrzeugs einen steuerpflichtigen Sachbezug gemäß § 16 Abs 1 EStG dar, wobei die Fahrten zwischen der Wohnung und der Arbeitsstätte rechtlich als private Nutzung qualifiziert werden. Im vorliegenden Fall ist jedoch entscheidend, ob das Fahrzeug aufgrund seiner spezifischen Beschaffenheit – insbesondere durch die festverbauten Werkzeugregale und die Befrachtung mit Baustoffen – überhaupt für eine private Nutzung geeignet ist. Wenn ein Fahrzeug so speziell ausgestattet ist, dass es faktisch als mobile Werkstatt dient und eine private Nutzung (über den reinen Arbeitsweg hinaus) durch den Arbeitgeber ausdrücklich untersagt ist bzw. aufgrund der baulichen Gegebenheiten objektiv nicht sinnvoll oder möglich ist, liegt keine steuerpflichtige private Nutzung im Sinne des Einkommensteuergesetzes vor. In diesem Fall ist für die Fahrten zwischen Wohnung und Arbeitsstätte kein Sachbezug anzusetzen, da das Fahrzeug nicht als ""privat nutzbares"" Kraftfahrzeug zu qualifizieren ist, sofern die Nutzung ausschließlich betrieblich bedingt ist (z. B. zur notwendigen Mitnahme des Werkzeugs) und keine tatsächliche private Mitnutzung erfolgt; dies entspricht der gängigen Verwaltungspraxis bei sogenannten Werkstattwagen, sofern die private Nutzung ausgeschlossen ist und das Fahrzeug nicht für private Zwecke tauglich ist.","Ja, das ist korrekt. Gemäß LStR Rz 175 i.V.m. § 4 SachbezugsVO ist kein Sachbezug anzusetzen, wenn es sich um ein Spezialfahrzeug handelt, das aufgrund seiner Ausstattung eine private Nutzung praktisch ausschließt. Voraussetzung sind fest verbaute Einbauten wie Werkstatt oder Regale. Leicht entfernbare Einbauten würden nicht ausreichen.","§ 4 SachbezugsVO
LStR Rz 175",4,3,3,3,4,1,"„Besteht für den Arbeitnehmer die Möglichkeit, ein arbeitgebereigenes Kraftfahrzeug […] für nicht beruflich veranlasste Fahrten einschließlich Fahrten zwischen Wohnung und Arbeitsstätte zu benützen, gilt Folgendes: Es ist ein Sachbezug […] anzusetzen.“
Aus der LStR Rz 175 im Screenshot: „Ein Sachbezugswert ist nicht anzusetzen, wenn es sich um Spezialfahrzeuge handelt, die auf Grund ihrer Ausstattung eine andere private Nutzung praktisch ausschließen.“
","Die Antwort kommt im Ergebnis grundsätzlich richtig dazu, dass bei einem speziell ausgestatteten Kastenwagen/Werkstattwagen kein Sachbezug anzusetzen sein kann, wenn die private Nutzung praktisch ausgeschlossen ist. Sie erklärt auch richtig, dass fest verbaute Werkzeugregale und die betriebliche Nutzung entscheidend sind. Leicht ungenau ist die Rechtsgrundlage: Maßgeblich sind § 4 SachbezugsVO und LStR Rz 175, nicht § 16 Abs. 1 EStG. Deshalb wegen des falschen Gesetzesverweises leicht hallucinated, aber inhaltlich weitgehend korrekt."
39,9a8b31dcdc247a6d,"Eine Körperschaft öffentlichen Rechts veranstaltet wissenschaftliche Fachvorträge, berufsbegleitende Abendkurse und zusätzlich eine populäre Abendgala mit Showcharakter. Die Einnahmen aus Vorträgen und Kursen dienen überwiegend der Kostendeckung; die Gala soll einen Überschuss für spätere Projekte erwirtschaften. Zu entscheiden ist, ob die gesamte Veranstaltungsreihe einheitlich oder getrennt nach ihrem Charakter zu behandeln ist.","Die Veranstaltungsreihe wird nach ihrer Charaktereigenschaften beurteilt. Vorträgen und Kursen dienen der Kostendeckung, während die Gala eine Überschussprojektstartphase erzielt. Die Einhaltung der Einhaltungsgesetze hängt von der gemeinsamen Charakteristik der Veranstaltung.","Steuerfrei sind nur die Umsätze aus den Vorträgen und Kursen wissenschaftlicher, unterrichtender oder belehrender Art, soweit die Einnahmen vorwiegend zur Deckung der Kosten verwendet werden. Die Gala mit bloßem Unterhaltungscharakter fällt nicht unter die Befreiung.",§ 6 Abs. 1 Z 12 UStG 1994,2,1,1,2,3,0,"„die Umsätze aus den von öffentlich-rechtlichen Körperschaften oder Volksbildungsvereinen veranstalteten Vorträgen, Kursen und Filmvorführungen wissenschaftlicher oder unterrichtender oder belehrender Art, wenn die Einnahmen vorwiegend zur Deckung der Kosten verwendet werden“","Die Antwort erkennt nur sehr allgemein, dass nach dem Charakter der Veranstaltungen zu unterscheiden ist. Sie erklärt aber nicht konkret, dass Vorträge und Kurse steuerfrei sein können, während die Abendgala mit Unterhaltungscharakter nicht unter § 6 Abs. 1 Z 12 UStG fällt."
40,9ae31c6f3fe4fec0,Eine in Frankreich wohnende Person vermietet eine in Innsbruck gelegene Eigentumswohnung. Sind diese Einkünfte in Österreich beschränkt steuerpflichtig?,"Auch wenn es sich um einen solchen Vermögensverkehr handelt, ist die Steuernorm des Obergerichts für die Schweiz anwendbar (Art. 1 Abs. 2 lit. a OTS). Die Schweizer Behörden sind daher befugt, die von der Schweiz bezahlte Entschädigung für das Vermögen der in Frankreich wohnenden Person im Ausland zu versteuern. B.- Am","Ja. Einkünfte aus Vermietung und Verpachtung sind nach § 98 Abs. 1 Z 6 EStG 1988 beschränkt steuerpflichtig, wenn das unbewegliche Vermögen im Inland gelegen ist.",§ 98 Abs. 1 Z 6 EStG 1988,0,0,0,0,1,1,"„Einkünfte aus Vermietung und Verpachtung (§ 28), wenn das unbewegliche Vermögen im Inland gelegen ist“",Die Antwort hat keinen Bezug zum österreichischen EStG und verweist stattdessen auf nicht passende Schweizer Rechtsquellen. Nach § 98 Abs. 1 Z 6 EStG sind Einkünfte aus der Vermietung einer in Österreich gelegenen Wohnung beschränkt steuerpflichtig.
41,9be2ec48e536590f,Was sind Einkünfte aus selbstständiger Arbeit nach § 22 EStG?,"Sie umfassen Einkünfte aus selbständiger Tätigkeit, die nicht zu den Einkünften aus Gewerbebetrieb (§ 18) oder Einkünften aus Land- und Forstwirtschaft (§ 19) gehören.","Einkünfte aus freiberuflichen Tätigkeiten (Ärzte, Anwälte) und sonstigen selbstständigen Leistungen.",EStG § 22,2,1,1,2,3,1,"„Einkünfte aus selbständiger Arbeit sind: Einkünfte aus freiberuflicher Tätigkeit.“ Dazu zählen unter anderem „Einkünfte aus einer wissenschaftlichen, künstlerischen, schriftstellerischen, unterrichtenden oder erzieherischen Tätigkeit“ sowie Einkünfte aus der Berufstätigkeit von Ärzten, Rechtsanwälten, Notaren, Steuerberatern, Wirtschaftsprüfern, Unternehmensberatern, Journalisten, Dolmetschern und Übersetzern.

","Die Antwort beschreibt den Begriff nur sehr allgemein und nennt falsche Paragraphen für die Abgrenzung: Land- und Forstwirtschaft steht nicht in § 19, sondern in § 21 EStG, und Gewerbebetrieb nicht in § 18, sondern in § 23 EStG. Der Kern, dass § 22 EStG vor allem freiberufliche Tätigkeiten und bestimmte sonstige selbständige Tätigkeiten umfasst, wird nur teilweise getroffen."
42,9c47e2159a8e55ba,Ein OG-Gesellschafter vermietet sein Gebäude an die OG und gibt die Mieteinnahmen als Vermietungseinkünfte an. Ist das korrekt?,"bist ein hilfreicher Assistent fuer Fragen zum oesterreichischen Steuerrecht. Beantworte die Frage auf Deutsch, praezise und sachlich. Wenn die Sachlage unklar ist, weise kurz auf Unsicherheit hin, statt zu raten. Benutzerfrage: Ein OG-Gesellschafter vermietet sein Gebäude an die OG und gibt die Mieteinnahmen als Vermietungseinkünfte an. Ist das korrekt? Antwort: Grundsaetzlich gilt: bei Paragraphen 3 bis 7 EStG zu pruefen ist ob Einkuenfte aus der Nutzung oder Ueberlassung von unbeweglichem Vermoegen erzielt werden. Bei einem solchen verschachtelten Sachverhalt sind die einzelnen Elemente getrennt und danach im Gesamtzusammenhang zu wuerdigen. Im Einzelfall koennen weitere Tatbestandsmerkmale, Ausnahmen oder Beguenstigungen massgeblich werden.","Nein. § 23 Z 2 ordnet Vergütungen für die Überlassung von Wirtschaftsgütern an die Mitunternehmerschaft zwingend den Einkünften aus Gewerbebetrieb zu, unabhängig davon wie die Zahlung wirtschaftlich aussieht.",§ 23 EStG 1988,1,1,1,1,3,1,"„Gewinnanteile der Gesellschafter von Gesellschaften, bei denen die Gesellschafter als Mitunternehmer anzusehen sind, sowie die Vergütungen, die die Gesellschafter von der Gesellschaft für ihre Tätigkeit im Dienste der Gesellschaft, für die Hingabe von Darlehen oder für die Überlassung von Wirtschaftsgütern bezogen haben.“","Die Antwort erkennt den konkreten Sonderfall nicht. Bei einem OG-Gesellschafter sind Vergütungen für die Überlassung eines Gebäudes an die OG nach § 23 Z 2 EStG Einkünfte aus Gewerbebetrieb und nicht Einkünfte aus Vermietung und Verpachtung. Die genannten „Paragraphen 3 bis 7 EStG“ passen hier nicht.

"
43,9cf79ffc39a356df,"""Im welchen Fall liegt ein tauschähnlicher Umsatz vor""","Ein tauschähnlicher Umsatz im Sinne des österreichischen Umsatzsteuergesetzes (UStG) liegt dann vor, wenn Leistungen oder Gegenstände abgegeben werden, die jeweils im Austausch gegen einen anderen Gegenstand oder eine andere Leistung erhalten werden. Diese Regelung ist in § 1 Abs. 1 Z 2 UStG verankert.

Gemäß § 1 Abs. 1 Z 2 UStG liegt ein tauschähnlicher Umsatz vor, wenn die Lieferung eines Gegenstands oder die Erbringung einer Leistung durch eine entgeltliche Lieferung oder Leistung, die im Rahmen eines tauschähnlichen Geschäftes erfolgt, erfolgt. In der Praxis bedeutet dies, dass zwei Parteien etwas austauschen, wobei der Wert der ausgetauschten Leistungen in der Regel vergleichbar sein sollte.

Ein konkretes Beispiel für einen tauschähnlichen Umsatz wäre, wenn jemand ein Auto gegen ein Motorrad tauscht. Hier gibt es keine Geldzahlung, sondern einen direkten Austausch von zwei gleichwertigen Leistungen, die dennoch umsatzsteuerlich relevant sind.

Wichtig ist, dass beide Parteien umsatzsteuerpflichtig sind, und es darauf ankommt, ob die jeweiligen Lieferungen auch als steuerbare Umsätze im Sinne des UStG gelten.

Zusammengefasst: Ein tauschähnlicher Umsatz liegt vor, wenn zwei Leistungen oder Gegenstände untereinander ausgetauscht werden, ohne dass eine Geldzahlung erfolgt, und dies die Umsatzsteuerpflicht nach § 1 Abs. 1 Z 2 UStG auslöst.","""Ein tauschähnlicher Umsatz liegt vor, wenn das Entgelt für eine sonstige Leistung in einer Lieferung oder in einer sonstigen Leistung besteht.""",§ 3a Abs. 2 UStG 1994,3,2,2,3,4,1,"„Ein tauschähnlicher Umsatz liegt vor, wenn das Entgelt für eine sonstige Leistung in einer Lieferung oder in einer sonstigen Leistung besteht.“

","Die Antwort erklärt den Grundgedanken eines Tauschs teilweise richtig, nennt aber die falsche Rechtsgrundlage. Maßgeblich ist § 3a Abs. 2 UStG und nicht § 1 Abs. 1 Z 2 UStG. Außerdem ist die Aussage, dass keine Geldzahlung erfolgen darf und beide Parteien umsatzsteuerpflichtig sein müssen, zu pauschal.

"
44,9d45e1bd90717965,Jemand erbringt Leistungen ausschließlich innerhalb der Familie ohne jedes Auftreten nach außen. Fehlt damit die Beteiligung am allgemeinen wirtschaftlichen Verkehr?,"Ja, die Beteiligung am allgemeinen wirtschaftlichen Verkehr könnte trotz der Tatsache, dass Leistungen ausschließlich innerhalb der Familie erbracht werden, bestehen. Dies hängt jedoch vom Substanznachweis ab, ob die ausländische beherrschte Körperschaft eine wesentliche wirtschaftliche Tätigkeit im Sinne von § 10a KStG 1988 durchführt. Die relevanten Paragraphen sind: - [KStG 1988 § 10a] - [KStG 1988 § 10a] - [KStG 1988","Ja. § 23 Z 1 setzt Beteiligung am allgemeinen wirtschaftlichen Verkehr voraus, eine rein familieninterne Tätigkeit ohne Angebot an einen unbestimmten Personenkreis erfüllt dieses Tatbestandsmerkmal nicht.",§ 23 EStG 1988,2,1,1,1,3,1,"„Einkünfte aus Gewerbebetrieb sind: Einkünfte aus einer selbständigen, nachhaltigen Betätigung, die mit Gewinnabsicht unternommen wird und sich als Beteiligung am allgemeinen wirtschaftlichen Verkehr darstellt“","Die Antwort beginnt zwar mit „Ja“, widerspricht sich danach aber und verweist auf § 10a KStG, der hier nicht passt. Maßgeblich ist § 23 Z 1 EStG: Ohne Auftreten nach außen und ohne Beteiligung am allgemeinen wirtschaftlichen Verkehr liegt dieses Merkmal nicht vor.

"
45,9d523193971ef2a6,Muss die Höhe der nicht in Österreich steuerpflichtigen Auslandseinkünfte für den Antrag nach § 1 Abs. 4 EStG 1988 nachgewiesen werden?,Die Höhe der nicht in Österreich steuerpflichtigen Auslandseinkünfte für den Antrag nach § 1 Abs. 4 EStG 1988 muss nicht unbedingt nachgewiesen werden.,Ja. Die Höhe der nicht der österreichischen Einkommensteuer unterliegenden Einkünfte ist nach § 1 Abs. 4 EStG 1988 durch eine Bescheinigung der zuständigen ausländischen Abgabenbehörde nachzuweisen.,§ 1 Abs. 4 EStG 1988,,,,,,,,
46,9d90955f2acd619a,Warum kann eine Körperschaft nach einem Mantelkauf ihre Verluste grundsätzlich nicht mehr nutzen – und welche Ausnahme gibt es?,"Nach einem Mantelkauf (Section 12 Abs. 1 KStG) eine Körperschaft ihre Verluste nicht mehr nutzen kann, um steuerliche Verlustverrechnungen vorzunehmen, weil sie ihre Erträge und Verluste ab da getrennt berechnen muss. Allerdings kann sie die Verluste, die sie bis zum Zeitpunkt des Mantelkaufs erwirbt, noch nutzen (Section 12 Abs. 2 KStG).

Translation:

A corporation, after a merger (Section 12 paragraph 1 KStG), cannot use its losses in general and must separate its income and losses from that point on. However, it can still use the losses it acquired until the merger date (Section 12 paragraph 2 KStG).","Der Verlustabzug erlischt, weil die wirtschaftliche Identität nicht mehr gegeben ist (§ 8 Abs. 4 Z 2 lit. c KStG). Ausnahme: Wenn die Änderungen zur Sanierung mit dem Ziel der Erhaltung eines wesentlichen Teiles betrieblicher Arbeitsplätze erfolgen.",§ 8 Abs. 4 Z 2 lit. c KStG 1988,1,1,1,1,3,1,"„Der Verlustabzug steht ab jenem Zeitpunkt nicht mehr zu, ab dem die Identität des Steuerpflichtigen infolge einer wesentlichen Änderung der organisatorischen und wirtschaftlichen Struktur im Zusammenhang mit einer wesentlichen Änderung der Gesellschafterstruktur auf entgeltlicher Grundlage nach dem Gesamtbild der Verhältnisse wirtschaftlich nicht mehr gegeben ist (Mantelkauf). Dies gilt nicht, wenn diese Änderungen zum Zwecke der Sanierung des Steuerpflichtigen mit dem Ziel der Erhaltung eines wesentlichen Teiles betrieblicher Arbeitsplätze erfolgen.“","Die Antwort erkennt zwar grob, dass es um den Verlustabzug nach einem Mantelkauf geht, nennt aber die falsche Rechtsgrundlage und erklärt den Grund falsch. Maßgeblich ist der Wegfall der wirtschaftlichen Identität nach § 8 Abs. 4 Z 2 lit. c KStG. Die Sanierungsausnahme zur Erhaltung wesentlicher Arbeitsplätze fehlt."
47,9db558a5e758a172,"""Ein Wiener Musiker überträgt die Rechte an einem Lied an einen Fan in Australien. Wo liegt der Leistungsort?""","Der Leistungsort ist Österreich, da das Lied von dem Wiener Musiker erstellt wurde. Die Übertragung der Rechte erfolgt aus diesem Grund nicht im Ausland stattfinden. Die Antwort ist klar und direkt zu den Fragen beantwortet. Es wird die Quelle des Liedes genannt (Wiener Musiker) und die Regelung der Rechtsübertragung erläutert (Auslandsverwendung verboten). Die Aussage ist ohne weitere Details oder Erläuterungen vollständig und unkommentiert.","""In Australien. Die Übertragung von Urheberrechten an Nichtunternehmer im Drittland folgt dem Empfängerortsprinzip.""",§ 3a Abs. 14 Z 1 UStG 1994,0,0,0,1,2,1,"„Ist der Empfänger ein Nichtunternehmer im Sinne des Abs. 5 Z 3 und hat er keinen Wohnsitz, Sitz oder gewöhnlichen Aufenthalt im Gemeinschaftsgebiet, werden die folgenden sonstigen Leistungen an seinem Wohnsitz, Sitz oder gewöhnlichen Aufenthalt im Drittlandsgebiet ausgeführt: Die Einräumung, Übertragung und Wahrnehmung von Rechten, die sich aus urheberrechtlichen Vorschriften ergeben.“","Die Antwort ist inhaltlich falsch, weil bei der Übertragung von Urheberrechten an einen Nichtunternehmer im Drittland der Empfängerort maßgeblich ist. Der Leistungsort liegt daher in Australien, nicht in Österreich. Die Begründung mit dem Entstehungsort des Liedes ist nicht in der Quelle angelegt."
48,9ded9b3023d43e9e,"""Ein Landwirt bringt Getreide zur Mühle und erhält sofort die gleiche Menge Mehl aus dem Bestand des Müllers gegen eine Mahlgebühr. Wie ist dieser Vorgang umsatzsteuerlich einzustufen?""","Nach § 11 Abs. 1 KStG (Abgabenordnung) ist der Vorgang, dass ein Landwirt Getreide zur Mühle bringt und gegen eine Mahlgebühr Mehl erhält, als Umsatz des Landwirts zu versteuern.","„Dieser Vorgang gilt als Werkleistung. Da der Landwirt einen gleichartigen Gegenstand aus dem Bestand des Müllers erhält und nur einen Werklohn unabhängig vom Marktpreisunterschied zahlt, wird dies steuerlich nicht als Lieferung, sondern als Werkleistung behandelt.“",§ 3a Abs. 3 UStG 1994,0,0,0,1,2,1,"„Überläßt ein Unternehmer einem Auftraggeber, der ihm einen Stoff zur Herstellung eines Gegenstandes übergeben hat, an Stelle des herzustellenden Gegenstandes einen gleichartigen Gegenstand, wie er ihn in seinem Unternehmen aus solchem Stoff herzustellen pflegt, so gilt die Leistung des Unternehmers als sonstige Leistung (Werkleistung), wenn das Entgelt für die Leistung nach Art eines Werklohnes unabhängig vom Unterschied zwischen dem Marktpreis des empfangenen Stoffes und dem des überlassenen Gegenstandes berechnet wird.“","Die Antwort ist falsch und verweist auf eine nicht passende Rechtsgrundlage. Nach § 3a Abs. 3 UStG liegt hier eine Werkleistung vor, weil der Landwirt statt des konkret hergestellten Mehls einen gleichartigen Gegenstand aus dem Bestand des Müllers erhält und nur eine Mahlgebühr zahlt."
49,9e03c8236a8f4a59,"Dient ein DBA aus österreichischer Sicht dazu, eine mehrfache Besteuerung derselben Einkünfte zu vermeiden?","c) Gehälter, Löhne und ähnliche Vergütungen dürfen nur aus s- staat besteuert werden, es sei denn, die Arbeit wird im anderen Vertrag aus s- staat",Ja. Der Vermeidung einer mehrfachen Besteuerung derselben Einkünfte dienen nach EStR 2000 Rz 32 insbesondere die zwischenstaatlichen Abkommen zur Vermeidung der Doppelbesteuerung.,EStR 2000 Rz 32,1,1,1,1,2,0,„Der Vermeidung einer mehrfachen Besteuerung ein und derselben Einkünfte dienen einerseits zahlreiche zwischenstaatliche Abkommen zur Vermeidung der Doppelbesteuerung“,Die Antwort enthält nur einen abgebrochenen Text zu Löhnen und Gehältern und beantwortet die allgemeine Frage nach dem Zweck eines DBA nicht. Nach EStR Rz 32 dienen DBA gerade der Vermeidung mehrfacher Besteuerung derselben Einkünfte.
50,9e07b57c797ce396,"Unterliegen Kapitalerträge eines beschränkt Steuerpflichtigen auch dann der beschränkten Steuerpflicht, wenn für sie eine KESt-Befreiung nach § 94 EStG 1988 besteht?","Ja, Kapitalerträge eines beschränkt Steuerpflichtigen unterliegen der beschränkten Steuerpflicht auch dann, wenn für sie eine KESt-Befreiung nach § 94 EStG 1988 besteht. Die KESt-Befreiung betrifft nur die Steuerpflichtigkeit des Erlöser des Kapitales, nicht die des Empfängers des Kap","Nein. Besteht eine Befreiung von der Kapitalertragsteuer gemäß § 94 EStG 1988, unterliegen diese Einkünfte nach EStR 2000 Rz 7966 auch nicht der beschränkten Steuerpflicht.",EStR 2000 Rz 7966,0,0,0,1,3,1,"„Besteht daher eine Befreiung von der Kapitalertragsteuer gemäß § 94 EStG 1988, unterliegen die Einkünfte auch nicht der beschränkten Steuerpflicht.“",Die Antwort behauptet das Gegenteil der Quelle. Nach EStR Rz 7966 unterliegen Kapitalerträge bei einer KESt-Befreiung nach § 94 EStG gerade nicht der beschränkten Steuerpflicht. Die Erklärung zur angeblich nur den „Erlöser des Kapitals“ betreffenden Befreiung ist unverständlich und nicht quellengestützt.
51,9e4d7867fa8c32ad,"In der Firma XY will der Chef seinen Mitarbeitern einen wöchentlichen Yogakurs mit einer zertifizierten Yogalehrerin im Büro organisieren. Er hat aber Bedenken, dass Yoga eine alternativmedizinische Methode ist und keine steuerfreie Gesundheitsförderung vorliegt. Was kann er machen?","Der Chef kann den wöchentlichen Yogakurs nicht als steuerfreie Gesundheitsförderung anbieten, da Yoga eine alternativmedizinische Methode ist. Die Zertifizierung der Yogalehrerin ist jedoch ausreichend, um die steuerfreie Ausübung von Gesundheits- und Wohltätigkeitsk","Yoga fällt gemäß § 3 Abs. 1 Z 13 EStG i.V.m. LStR Rz 77a grundsätzlich unter das Handlungsfeld Bewegung. Wichtig ist, dass die Gesundheitsförderung zielgerichtet, wirkungsorientiert, die wissenschaftliche Wirksamkeit belegt , vom Leistungsangebot der GKV erfasst, von einem qualifizierten Anbieter erbracht wird und das Gruppenkriterium erfüllt ist. Wenn diese Voraussetzungen erfüllt sind, ist der wöchentliche Yogakurs als Gesundheitsförderung steuerbefreit möglich.","§ 3 Abs. 1 Z 13 EStG
LStR Rz 77a",2,2,2,2,3,0,"„Zielgerichtete, wirkungsorientierte Gesundheitsförderungen und präventive Maßnahmen sind nur dann steuerfreie Vorteile, soweit diese Maßnahmen vom Leistungsangebot der gesetzlichen Krankenversicherung umfasst sind.“
„Bewegung: Die Angebote müssen auf die Umsetzung der nationalen Bewegungsempfehlungen [...] sowie auf die Reduktion von Erkrankungsrisiken [...] abzielen.“","Die Antwort ist zu streng und verneint die Steuerfreiheit pauschal. Yoga kann im Handlungsfeld Bewegung begünstigt sein, wenn die Voraussetzungen erfüllt sind, insbesondere Zielgerichtetheit, wissenschaftliche Wirksamkeit, qualifizierter Anbieter, direkte Abrechnung durch den Arbeitgeber und Gewährung an alle Arbeitnehmer oder eine Gruppe."
52,9e5921de6c59388d,Was regelt das Kommunalsteuergesetz?,Das Kommunalsteuergesetz regelt die Kommunalsteuer (§ 1 KStG). 10.02.2019 0. Eintragung in das Firmenbuch (§ 1 KStG). 11. Eintragung in das Handelsregister (§ 1 KStG). 12. Eintragung in das Genossenschaftsregister (§ 1 KStG). 13,Eine Abgabe der Unternehmen an die Gemeinde (3 % der Bruttolohnsumme).,KommStG § 1 / § 3,2,1,1,1,3,1,"„Der Kommunalsteuer unterliegen die Arbeitslöhne, die jeweils in einem Kalendermonat an die Dienstnehmer einer im Inland gelegenen Betriebsstätte des Unternehmens gewährt worden sind.“","Die Antwort erkennt nur sehr allgemein, dass es um Kommunalsteuer geht, wird danach aber unverständlich und nennt falsche Bezüge wie Firmenbuch oder Handelsregister. Der zentrale Punkt fehlt: Die Kommunalsteuer knüpft an die Arbeitslöhne der Dienstnehmer einer inländischen Betriebsstätte an."
53,9efa7f7fd26f5721,Ein in der Slowakei wohnender Arbeitnehmer pendelt täglich zu seinem Arbeitsplatz in Österreich und kehrt jeden Abend an seinen ausländischen Wohnsitz zurück. Begründet er dadurch einen gewöhnlichen Aufenthalt in Österreich?,"Als Experte für österreichisches Steuerrecht kann ich Ihnen sagen, dass die Situation des in der Slowakei lebenden Arbeitnehmers komplex ist und eine definitive Antwort ohne weitere Details schwierig ist. 

**Hier sind einige Punkte, die bei der Beurteilung eines gewöhnlichen Aufenthalts im Sinne des österreichischen Steuerrechts berücksichtigt werden müssen:**

* **Dauer der Aufenthalte:** Wie lange verbringt der Arbeitnehmer pro Woche/Monat in Österreich? Ist es ein regelmäßiger oder nur gelegentlicher Aufenthalt?
* **Zweck des Aufenthaltes:** Was motiviert den Arbeitnehmer für seine Tätigkeiten in Österreich? Sind sie beruflich bedingt oder privat?
* **Wohnungsverhältnisse:** Wo wohnt der Arbeitnehmer während seiner Zeit in Österreich? Gibt es dauerhafte Wohnverhältnisse in Österreich?
* **Verhältnis zur Arbeitsstätte:** Wie eng verbunden ist der Arbeitnehmer mit dem Arbeitsplatz in Österreich?  Ist er regelmäßig am selben Ort tätig?
* **Andere Lebensumstände:** Welche anderen Lebensumstände (z.B. Familie, Freunde) prägen das Leben des Arbeitnehmers in Österreich?


**Grundsätzlich gilt:** Der gewöhnliche Aufenthalt in einem Land wird durch mehrere Faktoren definiert. Dazu gehören:

* **Regelmäßige Besuche:** Regelmässige Aufenthalte in einem Land können als Beweis für einen gewöhnlichen Aufenthalt dienen.
* **Anwesenheitsdauer:** Die Dauer der Aufenthalte spielt eine Rolle. Je länger der Aufenthalt, desto stärker könnte der Eindruck entstehen, dass der","Nein. Wer täglich zu seinem Wohnsitz im Ausland zurückkehrt, hat nach den Richtlinien keinen inländischen Aufenthalt laut ESTR 2000 Rz 24. Ohne Wohnsitz oder gewöhnlichen Aufenthalt kommt daher nur beschränkte Steuerpflicht in Betracht, soweit Inlandseinkünfte vorliegen.",EStR 2000 Rz 24;EStR 2000 Rz 27,2,1,1,2,4,0,"„Kehrt ein Grenzgänger täglich zu seinem Wohnsitz im Ausland zurück, hat er keinen inländischen Aufenthalt.“ „Steuerpflichtige, die im Inland weder über einen Wohnsitz noch über einen gewöhnlichen Aufenthalt verfügen, sind beschränkt steuerpflichtig, wenn sie Inlandseinkünfte iSd § 98 EStG 1988 erzielen.“

","Die Antwort bleibt zu allgemein und beantwortet die konkrete Frage nicht. Nach EStR Rz 24 begründet ein Grenzgänger, der täglich zu seinem ausländischen Wohnsitz zurückkehrt, keinen gewöhnlichen Aufenthalt in Österreich. Die Antwort nennt nur allgemeine Kriterien und lässt das klare Ergebnis offen.

"
54,a15c2cc3fcf347c1,Was ist der Inhalt des Progressionsabgeltungsgesetzes 2025?,"Beantworte die steuerrechtliche Frage. Nutze den bereitgestellten Gesetzestext als Hauptinformationsquelle, ziehe aber bei Bedarf auch dein allgemeines Wissen hinzu.

Frage:
Was ist der Inhalt des Progressionsabgeltungsgesetzes 2025?

Gesetzestext:
rückwirkendes Ereignis im Sinne des § 295a BAO . Gesetzestext in Kraft seit 01.01.2024 bis 31.12.9999 § 4c EStG 1988 Zuwendungen an die Innovationsstiftung für Bildung 1 . (1) Freigebige Zuwendungen aus dem Betriebsvermögen an die Innovationsstiftung für Bildung gemäß § 1 ISBG sowie an deren Substiftungen gemäß § 4 Abs. 5 ISBG zur Förderung ihrer Tätigkeiten gemäß § 3 Abs. 1 und 2 ISBG oder zum Zweck der ertragsbringenden Vermögensausstattung gelten als Betriebsausgaben, wobei folgende Höchstbeträge zu berücksichtigen sind: 1 . 1. Bis zu einem Gewinn vor Berücksichtigung von Zuwendungen gemäß 

Antwort:",Die Anpassung der Grenzbeträge des Einkommensteuertarifs an die Inflation (Abschaffung kalte Progression).,EStG § 33 Abs. 1a,0,0,0,0,1,1,„Die für die Anwendung der Steuersätze für Einkommensteile bis eine Million Euro festgesetzten Grenzbeträge […] unterliegen einer Inflationsanpassung nach Maßgabe des § 33a.“,Die Antwort beantwortet die Frage nicht und gibt nur einen irrelevanten Gesetzestext zu § 4c EStG wieder. Maßgeblich wäre die Inflationsanpassung der Tarifgrenzen bzw. die Abgeltung der kalten Progression nach § 33 Abs. 1a EStG. Die Antwort ist daher nicht quellengestützt und hallucinated.
55,a191eabf92c8070d,"""Wo wird eine Restaurant- oder Cateringleistung an einen Nichtunternehmer ausgeführt, wenn der Unternehmer an mehreren Standorten tätig ist?""","Laut § 3 Abs. 6 UStG (Umsatzsteuergesetz) wird eine Restaurant- oder Cateringleistung an dem Ort ausgeführt, an dem die Leistung tatsächlich erbracht wird. Wenn der Unternehmer an mehreren Standorten tätig ist, ist der Ort der Leistungserbringung maßgeblich. 

Beispiel: Ein Catering-Unternehmen mit Sitz in Wien liefert Essen an einen Kunden in Salzburg. Die Leistung wird in Salzburg erbracht, daher ist Salzburg der Ort der Leistungserbringung. 

Es ist jedoch zu beachten, dass bei der Anwendung dieser Regelung auch die spezifischen Um","""Dort, wo der Unternehmer überwiegend tätig wird (§ 3a Abs. 11 UStG).""",§ 3a Abs. 11 UStG 1994,3,2,2,2,4,0,"„Die folgenden sonstigen Leistungen werden dort ausgeführt, wo der Unternehmer ausschließlich oder zum wesentlichen Teil tätig wird: […] Restaurant- und Verpflegungsdienstleistungen.“","Die Antwort kommt im Beispiel praktisch zum richtigen Ergebnis, wenn die Cateringleistung tatsächlich in Salzburg erbracht wird. Sie nennt aber die falsche Rechtsgrundlage und formuliert die Regel ungenau. Maßgeblich ist § 3a Abs. 11 UStG: Restaurant- und Verpflegungsdienstleistungen werden dort ausgeführt, wo der Unternehmer ausschließlich oder zum wesentlichen Teil tätig wird."
56,a38038f1686fa454,Welche Normen der §§ 7–12 KStG sind typischerweise bei der Überleitung vom Handelsbilanzgewinn zum steuerpflichtigen Einkommen einer rechnungslegungspflichtigen GmbH relevant?,"Bei der Überleitung vom Handelsbilanzgewinn zum steuerpflichtigen Einkommen einer rechnungslegungspflichtigen GmbH sind insbesondere die Normen des Körperschaftsteuergesetzes (KStG) relevant. Diese Normen regeln spezifische Anpassungen, die bei der Ermittlung des steuerpflichtigen Einkommens vorgenommen werden müssen. 

Hier sind die wesentlichen Paragrafen:

1. **§ 7 KStG** - Dieser § behandelt die Ermittlung des steuerpflichtigen Einkommens im Allgemeinen und gibt Aufschluss über die notwendigen Überleitungs- und Anpassungsschritte. Hierbei müssen vor allem verschiedene Handelsbilanzposten in Einklang mit steuerlichen Vorgaben gebracht werden.

2. **§ 8 KStG** - Dieser Paragraf regelt die Rücklagenbildung und deren Auswirkungen auf die steuerliche Bemessungsgrundlage. Positionen, die in der Handelsbilanz als Rücklagen gebildet werden, müssen gegebenenfalls steuerlich angepasst werden.

3. **§ 9 KStG** - Hier wird die Behandlung von außerordentlichen Erträgen und Aufwendungen behandelt. Es werden Kriterien festgelegt, die bestimmen, welche Erträge und Aufwendungen auf das steuerpflichtige Einkommen anzurechnen sind oder nicht.

4. **§ 10 KStG** - Bei der Überleitung sind auch die Regelungen zu gesperrten und unterlassenen Werbungskosten von Bedeutung, die nicht in der Handelsbilanz angesetzt wurden, aber dennoch steuerlich abzugsfähig sein könnten.

5. **§ 11 KStG** - In diesem § sind spezielle Regelungen für die Ermittlung des Einkommens bei steuerlichen Verlusten und deren Ausgleich beschrieben, die ebenfalls in der Überleitung relevant sein können.

6. **§ 12 KStG** - Dieser Paragraf beschäftigt sich mit der Behandlung von Veräußerungsgewinnen und ist wichtig, wenn im Rahmen der Überleitung auch solche Posten zu berücksichtigen sind.

Zusammenfassend sind die §§ 7 bis 12 KStG in ihrer Gesamtheit relevant für die Überleitung vom Handelsbilanzgewinn zum steuerpflichtigen Einkommen einer GmbH. Die konkreten Anpassungen und die Behandlung der einzelnen Positionen hängen stark von der individuellen Bilanzstruktur und den spezifischen Geschäftsvorfällen ab. Daher ist es unerlässlich, diese Normen sehr genau zu beachten, um eine korrekte steuerliche Erfassung zu gewährleisten.",§ 7 Abs. 3 KStG: Gewinnermittlung nach § 5 Abs. 1 EStG. § 8 Abs. 2 KStG: Hinzurechnung verdeckter Ausschüttungen. § 10 KStG: Steuerfreie Beteiligungserträge ausscheiden. § 11 KStG: Besondere Betriebsausgaben. § 12 KStG: Nichtabzugsfähige Aufwendungen hinzurechnen. § 8 Abs. 4 Z 2 KStG: Verlustabzug max. 75 %.,"§ 7 Abs. 3; § 8 Abs. 2 und 4; §§ 10, 11, 12 KStG 1988",2,1,1,2,3,1,"„Bei Steuerpflichtigen, die auf Grund der Rechtsform nach unternehmensrechtlichen Vorschriften zur Rechnungslegung verpflichtet sind, […] sind alle Einkünfte […] den Einkünften aus Gewerbebetrieb […] zuzurechnen. Der Gewinn ist […] nach § 5 Abs. 1 EStG 1988 zu ermitteln.“
„Für die Ermittlung des Einkommens ist es ohne Bedeutung, ob das Einkommen im Wege offener oder verdeckter Ausschüttungen verteilt oder entnommen oder in anderer Weise verwendet wird.“
„Der Verlustabzug steht nur im Ausmaß von 75% des Gesamtbetrages der Einkünfte zu.“
„Von der Körperschaftsteuer sind Beteiligungserträge befreit.“
„Bei der Gewinnermittlung gelten auch folgende Aufwendungen als Betriebsausgaben […]“
„Bei den einzelnen Einkünften dürfen nicht abgezogen werden […]“
","Die Antwort erkennt zwar allgemein, dass die §§ 7 bis 12 KStG bei der Überleitung relevant sein können, beschreibt die einzelnen Normen aber überwiegend falsch. § 8 KStG regelt hier nicht einfach „Rücklagenbildung“, sondern insbesondere Einkommensverwendung und den Verlustabzug; § 10 betrifft die Befreiung für Beteiligungserträge; § 11 betrifft besondere abzugsfähige Aufwendungen; und § 12 betrifft nichtabzugsfähige Aufwendungen. Außerdem wird § 9 genannt, obwohl die Referenz diesen nicht als typischen Überleitungspunkt nennt. Daher ist die Antwort nur grob im Rahmen, aber rechtlich deutlich ungenau und teilweise sachfremd.

"
57,a3c2e7caae7bbc76,"Herr Falk ist stiller Gesellschafter an der X-OG. Laut Gesellschaftsvertrag ist seine Verlustbeteiligung auf die Höhe seiner Einlage beschränkt. Im laufenden Jahr erleidet er einen Verlustanteil von 12.000 Euro, der seine Einlage von 10.000 Euro übersteigt. Wie ist der Verlust in Höhe von 12.000 Euro nach § 27 EStG 1988 zu behandeln?",Der Verlust wird zum Zeitpunkt der Einnahme geltend gemacht. Der Steuerabzug erfolgt auf die Höhe von 10.000 Euro.,"Gemäß § 27 Abs. 2 Z 4 EStG 1988 gehören Gewinnanteile aus der Beteiligung als stiller Gesellschafter nur insoweit zu den Einkünften aus Kapitalvermögen, als sie nicht zur Auffüllung einer durch Verluste herabgeminderten Einlage zu verwenden sind. Im Umkehrschluss gilt für Verluste: Gemäß § 27 Abs. 8 Z 2 EStG 1988 dürfen Verlustanteile aus der Beteiligung als stiller Gesellschafter nicht mit anderen Einkünften ausgeglichen werden und sind in Folgejahren nur mit Gewinnanteilen aus derselben Beteiligung zu verrechnen. Da die Verlustbeteiligung vertraglich auf die Einlage beschränkt ist, ist der den Einlagestand übersteigende Verlustanteil von 2.000 Euro steuerlich nicht anzuerkennen – er kann weder im laufenden Jahr noch in Folgejahren verrechnet werden. Steuerlich relevanter Verlust sind daher nur 10.000 Euro (bis zur Einlage), welche ausschließlich mit zukünftigen Gewinnanteilen aus dieser Beteiligung zu verrechnen sind.",§ 27 Abs. 2 Z 4 EStG 1988; § 27 Abs. 8 Z 2 EStG 1988,1,1,1,1,3,0,"„Gewinnanteile aus der Beteiligung an einem Unternehmen als stiller Gesellschafter sowie aus der Beteiligung nach Art eines stillen Gesellschafters, soweit sie nicht zur Auffüllung einer durch Verluste herabgeminderten Einlage zu verwenden sind.“ „Verlustanteile aus der Beteiligung an einem Unternehmen als stiller Gesellschafter […] dürfen nicht mit anderen Einkünften ausgeglichen werden. Sie sind in Folgejahren mit Gewinnanteilen aus derselben Beteiligung zu verrechnen.“","Die Antwort erkennt nur teilweise, dass die Einlage von 10.000 Euro eine Grenze bildet, erklärt die steuerliche Behandlung aber nicht richtig. Nach § 27 Abs. 8 Z 2 EStG dürfen steuerlich relevante Verlustanteile eines stillen Gesellschafters nicht mit anderen Einkünften ausgeglichen werden, sondern nur mit künftigen Gewinnanteilen aus derselben Beteiligung. Der über die Einlage hinausgehende Verlustanteil von 2.000 Euro ist wegen der vertraglichen Verlustbegrenzung steuerlich nicht anzuerkennen."
58,a402f87ba72ceb4e,"""Was bedeutet eine sonstige Leistung?""","Eine sonstige Leistung ist im umsatzsteuerlichen Sinn jede Leistung, die keine Lieferung im Sinne des § 3 Abs. 1 UStG 1994 darstellt. Gemäß § 3 Abs. 9 UStG 1994 umfasst der Begriff der sonstigen Leistung alle Leistungen, die keine Lieferungen sind, insbesondere Dienstleistungen, Werkleistungen, Vermietungen und Verpachtungen sowie sonstige Leistungen, die im Rahmen eines Unternehmens erbracht werden.

Somit ist eine sonstige Leistung jede Leistung, bei der kein Eigentumsübergang an einem Gegenstand erfolgt, sondern eine Dienstleistung oder ein sonstiger Leistungsaustausch stattfindet (§ 3 Abs. 9 UStG 1994).","""In Österreich, da es sich um eine elektronisch erbrachte Leistung an einen Nichtunternehmer handelt und der Leistungsort daher am Wohnsitz des Leistungsempfängers liegt (§ 3a Abs. 13 UStG).""",§ 3a Abs. 13 UStG 1994,3,2,2,3,4,1,"„Sonstige Leistungen sind Leistungen, die nicht in einer Lieferung bestehen. Eine sonstige Leistung kann auch in einem Unterlassen oder im Dulden einer Handlung oder eines Zustandes bestehen.“","Die generierte Antwort beantwortet die tatsächlich gestellte Frage grundsätzlich richtig, weil eine sonstige Leistung nach § 3a Abs. 1 UStG eine Leistung ist, die nicht in einer Lieferung besteht. Allerdings nennt sie fälschlich § 3 Abs. 9 UStG statt § 3a Abs. 1 UStG und ergänzt Beispiele, die nicht direkt aus der Quelle stammen. Die Reference answer passt offenbar nicht zur Frage, weil sie den Leistungsort einer elektronisch erbrachten Leistung behandelt.

"
59,a402f87ba72ceb4e,"""Was bedeutet eine sonstige Leistung?""","Eine sonstige Leistung ist im umsatzsteuerlichen Sinn jede Leistung, die keine Lieferung im Sinne des § 3 Abs. 1 UStG 1994 darstellt. Gemäß § 3 Abs. 9 UStG 1994 umfasst der Begriff der sonstigen Leistung alle Leistungen, die keine Lieferungen sind, insbesondere Dienstleistungen, Werkleistungen, Vermietungen und Verpachtungen sowie sonstige Leistungen, die im Rahmen eines Unternehmens erbracht werden.

Somit ist eine sonstige Leistung jede Leistung, bei der kein Eigentumsübergang an einem Gegenstand erfolgt, sondern eine Dienstleistung oder ein sonstiger Leistungsaustausch stattfindet (§ 3 Abs. 9 UStG 1994).","""Ja, weil die kurzfristige Vermietung bei allen Beförderungsmitteln (außer Wasserfahrzeugen) nicht mehr als 30 Tage beträgt.""",§ 3a Abs. 12 UStG 1994,3,2,2,3,4,1,"„Sonstige Leistungen sind Leistungen, die nicht in einer Lieferung bestehen. Eine sonstige Leistung kann auch in einem Unterlassen oder im Dulden einer Handlung oder eines Zustandes bestehen.“","Die generierte Antwort beantwortet die tatsächlich gestellte Frage im Kern richtig: Eine sonstige Leistung ist nach § 3a Abs. 1 UStG eine Leistung, die nicht in einer Lieferung besteht. Allerdings nennt sie fälschlich § 3 Abs. 9 UStG statt § 3a Abs. 1 UStG und ergänzt Beispiele, die nicht unmittelbar aus der zitierten Norm stammen. Die Reference answer passt nicht zur Frage, weil sie eine Regel zur kurzfristigen Vermietung von Beförderungsmitteln behandelt."
60,a402f87ba72ceb4e,"""Was bedeutet eine sonstige Leistung?""","Eine sonstige Leistung ist im umsatzsteuerlichen Sinn jede Leistung, die keine Lieferung im Sinne des § 3 Abs. 1 UStG 1994 darstellt. Gemäß § 3 Abs. 9 UStG 1994 umfasst der Begriff der sonstigen Leistung alle Leistungen, die keine Lieferungen sind, insbesondere Dienstleistungen, Werkleistungen, Vermietungen und Verpachtungen sowie sonstige Leistungen, die im Rahmen eines Unternehmens erbracht werden.

Somit ist eine sonstige Leistung jede Leistung, bei der kein Eigentumsübergang an einem Gegenstand erfolgt, sondern eine Dienstleistung oder ein sonstiger Leistungsaustausch stattfindet (§ 3 Abs. 9 UStG 1994).","""Die Vermietung gilt in München als ausgeführt. Der Ort der kurzfristigen Vermietung ist der Ort, wo das Auto übergeben wird.""",§ 3a Abs. 12 UStG 1994,3,2,2,3,4,1,"„Sonstige Leistungen sind Leistungen, die nicht in einer Lieferung bestehen. Eine sonstige Leistung kann auch in einem Unterlassen oder im Dulden einer Handlung oder eines Zustandes bestehen.“","Die generierte Antwort beantwortet die tatsächlich gestellte Frage im Kern richtig, weil eine sonstige Leistung nach § 3a Abs. 1 UStG eine Leistung ist, die nicht in einer Lieferung besteht. Die Rechtsgrundlage wird aber falsch angegeben: Es ist nicht § 3 Abs. 9 UStG, sondern § 3a Abs. 1 UStG. Die Reference answer passt nicht zur Frage, da sie den Leistungsort bei kurzfristiger Vermietung eines Autos behandelt."